Car Name,City,Price (PKR),Model Year,Mileage (km),Fuel Type,Engine CC,Transmission
KIA Picanto 1.0 AT,Karachi,2400000.0,2021,65945.0,Petrol,1000 cc,Automatic
Daihatsu Rocky G,Karachi,5275000.0,2019,41000.0,Petrol,1000 cc,Automatic
Mercedes Benz C Class C180 Exclusive,Karachi,14500000.0,2018,48200.0,Petrol,1600 cc,Automatic
KIA Sportage AWD,Karachi,7500000.0,2023,38703.0,Petrol,2000 cc,Automatic
Toyota Passo X,Karachi,4025000.0,2022,83000.0,Petrol,1000 cc,Automatic
Toyota Corolla Axio X 1.5,Karachi,3500000.0,2007,150000.0,Petrol,1500 cc,Automatic
Toyota Surf SSR-G 4.0,Karachi,11000000.0,2006,79000.0,Petrol,4000 cc,Automatic
Honda N Wgn,Karachi,4200000.0,2024,6466.0,Petrol,660 cc,Automatic
Honda Civic Reborn VTi Prosmatec 1.8 i-VTEC,Karachi,2400000.0,2011,121812.0,Petrol,1800 cc,Automatic
Honda N Wgn,Karachi,4000000.0,2024,887.0,Petrol,660 cc,Automatic
Toyota Prado 3rd (J120) Generation TX 4.0,Karachi,15700000.0,2009,122000.0,Petrol,4000 cc,Automatic
Toyota Land Cruiser AX,Karachi,22500000.0,2013,99000.0,Petrol,4600 cc,Automatic
Suzuki Swift DLX 1.3,Karachi,1745000.0,2013,150000.0,Petrol,1300 cc,Manual
Toyota Corolla,Karachi,3200000.0,2006,180.0,Petrol,1300 cc,Automatic
Daihatsu Charade GT-ti,Karachi,600000.0,1987,8000.0,Petrol,1000 cc,Manual
Ford F 150 Limited Edition,Karachi,14500000.0,2016,78000.0,Petrol,3500 cc,Automatic
Suzuki Every,Karachi,2450000.0,2021,138000.0,Petrol,660 cc,Automatic
BYD Atto 3 Advance,Karachi,8800000.0,2025,3441.0,Electric,49.92 kWh,Automatic
Suzuki Mehran VXR Euro II,Karachi,1065000.0,2015,72000.0,Petrol,800 cc,Manual
Hyundai Tucson FWD A/T GLS Sport,Karachi,8700000.0,2022,16200.0,Petrol,2000 cc,Automatic
Toyota Corolla,Karachi,1180000.0,1996,100000.0,Petrol,1300 cc,Manual
Hyundai Tucson AWD A/T Ultimate,Karachi,8650000.0,2022,16200.0,Petrol,2000 cc,Automatic
Honda City 5th (GM2) Generation Aspire Prosmatec 1.5 i-VTEC,Karachi,4350000.0,2021,33450.0,Petrol,1500 cc,Automatic
Mitsubishi EK Space Custom,Karachi,1900000.0,2015,64789.0,Petrol,660 cc,Automatic
Honda N Box Custom,Karachi,2190000.0,2014,71456.0,Petrol,658 cc,Automatic
Honda Vezel Hybrid RS Honda Sensing,Karachi,7800000.0,2018,72002.0,Hybrid,1500 cc,Automatic
Honda BR-V,Karachi,4100000.0,2020,185151.0,Petrol,1500 cc,Manual
Toyota Vitz F 1.0,Karachi,3600000.0,2019,115163.0,Petrol,996 cc,Automatic
Toyota Raize Z,Karachi,5500000.0,2020,38871.0,Petrol,1000 cc,Automatic
Honda BR-V i-VTEC S,Karachi,5500000.0,2022,33125.0,Petrol,1500 cc,Automatic
Suzuki Ciaz Manual,Karachi,2400000.0,2017,128256.0,Petrol,1400 cc,Manual
Honda HR-V VTi-S,Karachi,6800000.0,2024,19683.0,Petrol,1500 cc,Automatic
Toyota Corolla Axio WXB,Karachi,6000000.0,2017,122604.0,Petrol,1500 cc,Automatic
Suzuki Alto VXR,Karachi,1125000.0,2012,132000.0,Petrol,1000 cc,Manual
Daihatsu Mira X SA lll,Karachi,3770000.0,2022,9894.0,Petrol,660 cc,Automatic
Suzuki Cultus EURO II,Karachi,1200000.0,2013,99900.0,Petrol,1000 cc,Manual
Toyota Raize Z,Karachi,5900000.0,2020,70000.0,Petrol,1000 cc,Automatic
Suzuki Bolan VX,Karachi,550000.0,2003,56600.0,Petrol,800 cc,Manual
Daihatsu Cast Style X SA III,Karachi,2550000.0,2015,98000.0,Petrol,660 cc,Automatic
Toyota Fortuner 2.7 VVTi,Karachi,10300000.0,2017,108621.0,Petrol,2700 cc,Automatic
Toyota Prado 3rd (J120) Generation TZ 4.0,Karachi,8500000.0,2004,20000.0,Petrol,4000 cc,Automatic
Toyota Hilux 4x4 Single Cab Standard 2.8,Karachi,11900000.0,2021,90000.0,Diesel,2800 cc,Manual
Toyota Corolla XLi VVTi,Karachi,3900000.0,2019,59000.0,Petrol,1300 cc,Manual
Suzuki Cultus VXR,Karachi,3400000.0,2022,12719.0,Petrol,1000 cc,Manual
Toyota Corolla,Karachi,325000.0,1982,1000000.0,Petrol,1300 cc,Manual
Daihatsu Charade CX,Karachi,240000.0,1984,1000.0,Petrol,1000 cc,Manual
Toyota Yaris Sedan ATIV X CVT 1.5,Karachi,5000000.0,2021,18133.0,Petrol,1500 cc,Automatic
Suzuki Wagon R VXR,Karachi,2200000.0,2018,137633.0,Petrol,1000 cc,Manual
Toyota Land Cruiser,Karachi,4500000.0,1993,199999.0,Diesel,4200 cc,Manual
Suzuki Alto VXR,Karachi,1150000.0,2011,100000.0,Petrol,1000 cc,Manual
Honda BR-V i-VTEC S,Karachi,5100000.0,2021,49910.0,Petrol,1500 cc,Automatic
Toyota Prius S 1.5,Karachi,2500000.0,2011,312268.0,Hybrid,1497 cc,Automatic
Toyota Corolla GLi 1.3 VVTi,Karachi,2300000.0,2009,150000.0,Petrol,1300 cc,Manual
Suzuki Swift DLX Automatic 1.3 Navigation,Karachi,2525000.0,2018,74000.0,Petrol,1300 cc,Automatic
Toyota Passo X L Package S,Karachi,3950000.0,2022,92996.0,Petrol,1000 cc,Automatic
Suzuki Every Wagon,Karachi,950000.0,2003,100000.0,Petrol,1000 cc,Manual
Suzuki Swift GLX CVT,Karachi,4225000.0,2022,27000.0,Petrol,1200 cc,Automatic
Daewoo Racer Base Grade 1.5,Karachi,350000.0,1993,99999.0,Petrol,1500 cc,Manual
Toyota Corolla GLi 1.3 VVTi,Karachi,3700000.0,2017,100000.0,Petrol,1300 cc,Manual
Toyota Vitz F 1.0,Karachi,1780000.0,2005,100000.0,Petrol,1000 cc,Automatic
Toyota Surf SSR-X 2.7,Karachi,3500000.0,1998,100000.0,Petrol,2700 cc,Automatic
Daihatsu Rocky Premium G,Karachi,5850000.0,2020,12000.0,Petrol,1000 cc,Automatic
Suzuki Swift DX 1.3,Karachi,1700000.0,2013,139703.0,Petrol,1300 cc,Manual
Toyota Corolla GLi 1.3 VVTi,Karachi,3100000.0,2013,118000.0,Petrol,1300 cc,Manual
Suzuki Alto VXR (CNG),Karachi,1150000.0,2011,104000.0,Petrol,1000 cc,Manual
Suzuki Alto VXR,Karachi,1000000.0,2009,95000.0,Petrol,1000 cc,Manual
Toyota C-HR G-LED,Karachi,7400000.0,2018,84300.0,Hybrid,1800 cc,Automatic
Daihatsu Hijet Deluxe,Karachi,1500000.0,2012,128000.0,Petrol,660 cc,Automatic
Toyota Prius,Karachi,3995000.0,2013,136000.0,Hybrid,1800 cc,Automatic
Honda Civic Oriel,Karachi,7800000.0,2023,19500.0,Petrol,1500 cc,Automatic
MG HS Trophy,Karachi,6290000.0,2022,52888.0,Petrol,1500 cc,Automatic
Haval H6 HEV,Karachi,11299999.0,2024,19600.0,Hybrid,1500 cc,Automatic
Toyota Corolla GLi Automatic 1.3 VVTi,Karachi,4350000.0,2019,62000.0,Petrol,1300 cc,Automatic
Toyota Raize Z,Karachi,6300000.0,2020,49000.0,Petrol,1000 cc,Automatic
Honda Civic Reborn VTi Prosmatec 1.8 i-VTEC,Karachi,2350000.0,2011,94723.0,Petrol,1800 cc,Automatic
Toyota Hilux Revo GR-S,Karachi,15200000.0,2023,32000.0,Diesel,2800 cc,Automatic
Toyota Corolla Altis X Automatic 1.6,Karachi,5650000.0,2022,39000.0,Petrol,1598 cc,Automatic
Audi A6 40 TFSI S-Line,Karachi,24000000.0,2020,14453.0,Petrol,2000 cc,Automatic
Toyota Corolla Altis Automatic 1.6,Karachi,5000000.0,2019,29971.0,Petrol,1600 cc,Automatic
Daihatsu Mira L,Karachi,3465000.0,2022,14800.0,Petrol,660 cc,Automatic
Toyota Aqua G,Karachi,3400000.0,2013,108000.0,Hybrid,1500 cc,Automatic
Toyota Yaris Sedan ATIV CVT 1.3,Karachi,4900000.0,2024,17500.0,Petrol,1300 cc,Automatic
Toyota Corolla XLi VVTi,Karachi,3500000.0,2014,102984.0,Petrol,1300 cc,Manual
Toyota Corolla GLi Automatic 1.3 VVTi,Karachi,3600000.0,2015,82000.0,Petrol,1300 cc,Automatic
Suzuki Alto VXL AGS,Karachi,2925000.0,2024,22000.0,Petrol,660 cc,Automatic
Suzuki Khyber GA,Karachi,190000.0,1992,1234.0,Petrol,1000 cc,Manual
Audi e-tron 50 quattro 230 kW,Karachi,16800000.0,2021,19056.0,Electric,60.0 kWh,Automatic
Chevrolet Joy,Karachi,700000.0,2009,200328.0,Petrol,1000 cc,Manual
Toyota Roomy XS,Karachi,3700000.0,2020,41032.0,Petrol,996 cc,Automatic
Toyota Hilux Revo V Automatic 2.8,Karachi,10800000.0,2020,50738.0,Diesel,2800 cc,Automatic
Toyota Vitz F 1.0,Karachi,2070000.0,2008,145076.0,Petrol,1000 cc,Automatic
Daihatsu Esse X,Karachi,1670000.0,2011,108922.0,Petrol,660 cc,Automatic
Toyota Passo X S,Karachi,3500000.0,2020,46980.0,Petrol,1000 cc,Automatic
Suzuki Cultus EURO II,Karachi,1500000.0,2014,27886.0,Petrol,1000 cc,Manual
Chery Tiggo 8 Pro 1.6 DEX Plus,Karachi,7800000.0,2023,47080.0,Petrol,1600 cc,Automatic
Honda City 5th (GM2) Generation 1.3 i-VTEC Prosmatec,Karachi,2630000.0,2012,130000.0,Petrol,1300 cc,Automatic
Daihatsu Move L SA 3,Karachi,3525000.0,2020,48720.0,Petrol,658 cc,Automatic
DFSK Glory 580 1.5 CVT,Karachi,4400000.0,2021,46231.0,Petrol,1500 cc,Automatic
Suzuki Baleno JXR,Karachi,950000.0,2003,137500.0,Petrol,1300 cc,Manual
Honda BR-V i-VTEC S,Karachi,3975000.0,2018,90000.0,Petrol,1500 cc,Automatic
DFSK Glory 580 1.5 CVT,Karachi,4400000.0,2021,71560.0,Petrol,1500 cc,Automatic
Honda Vezel Hybrid Z,Karachi,3950000.0,2015,88000.0,Hybrid,1500 cc,Automatic
Subaru Sambar,Karachi,1500000.0,2013,96353.0,Petrol,660 cc,Automatic
Suzuki Cultus Auto Gear Shift,Karachi,2550000.0,2019,75000.0,Petrol,1000 cc,Automatic
Toyota Land Cruiser ZX,Karachi,36800000.0,2015,72500.0,Petrol,4600 cc,Automatic
Honda City i-DSI,Karachi,1750000.0,2008,310558.0,Petrol,1300 cc,Manual
Suzuki Alto VXL AGS,Karachi,2400000.0,2020,45000.0,Petrol,660 cc,Automatic
Suzuki Alto VXR,Karachi,2800000.0,2024,7000.0,Petrol,660 cc,Manual
Honda Spike,Karachi,3300000.0,2012,133000.0,Hybrid,1500 cc,Automatic
Nissan Dayz S,Karachi,3450000.0,2021,36036.0,Petrol,660 cc,Automatic
Suzuki Wagon R AGS,Karachi,3450000.0,2023,38364.0,Petrol,1000 cc,Automatic
Daihatsu Mira X Memorial Edition,Karachi,2375000.0,2014,79000.0,Petrol,660 cc,Automatic
Toyota Vitz F 1.0,Karachi,3890000.0,2017,103000.0,Petrol,996 cc,Automatic
Daihatsu Mira L,Karachi,2250000.0,2014,134000.0,Petrol,660 cc,Automatic
Suzuki Alto Hybrid S,Karachi,3450000.0,2023,5500.0,Hybrid,660 cc,Automatic
Suzuki Every PC,Karachi,1820000.0,2014,74120.0,Petrol,660 cc,Manual
Suzuki Swift GLX CVT,Karachi,4600000.0,2022,3900.0,Petrol,1200 cc,Automatic
Toyota Corolla Altis Automatic 1.6,Karachi,4900000.0,2019,69707.0,Petrol,1600 cc,Automatic
Toyota Passo X V Package,Karachi,1825000.0,2006,89000.0,Petrol,1000 cc,Automatic
Prince Pearl MT,Karachi,1475000.0,2024,5900.0,Petrol,800 cc,Manual
MG HS Essence,Karachi,7350000.0,2024,15784.0,Petrol,1500 cc,Automatic
Toyota Corolla Altis Grande CVT-i 1.8,Karachi,4790000.0,2018,58000.0,Petrol,1800 cc,Automatic
Toyota Prius G Touring Selection 1.5,Karachi,2575000.0,2008,178000.0,Hybrid,1500 cc,Automatic
Honda BR-V i-VTEC S,Karachi,4950000.0,2020,35251.0,Petrol,1500 cc,Automatic
Suzuki Cultus VXL,Karachi,2825000.0,2019,55000.0,Petrol,1000 cc,Manual
Daihatsu Cuore CX,Karachi,570000.0,2004,180000.0,Petrol,800 cc,Manual
Nissan Dayz Highway Star G,Karachi,2175000.0,2013,80000.0,Petrol,660 cc,Automatic
Suzuki Cultus VXRi,Karachi,1275000.0,2011,88000.0,Petrol,1000 cc,Manual
Daihatsu Cuore CX Automatic,Karachi,800000.0,2005,176000.0,Petrol,800 cc,Automatic
Honda BR-V i-VTEC S,Karachi,4500000.0,2019,77464.0,Petrol,1500 cc,Automatic
Nissan Note MEDALIST,Karachi,4350000.0,2018,50600.0,Hybrid,1198 cc,Automatic
Suzuki Swift DX 1.3,Karachi,1750000.0,2013,141250.0,Petrol,1300 cc,Manual
Suzuki Alto VXL AGS,Karachi,2960000.0,2024,20593.0,Petrol,660 cc,Automatic
Hyundai Sonata 2.0,Karachi,8050000.0,2022,30136.0,Petrol,2000 cc,Automatic
Toyota Raize Z,Karachi,6050000.0,2021,20000.0,Petrol,1000 cc,Automatic
Toyota Land Cruiser ZX G-Frontier,Karachi,34500000.0,2016,83000.0,Petrol,4600 cc,Automatic
Toyota Raize Z,Karachi,6500000.0,2021,27000.0,Petrol,1000 cc,Automatic
Suzuki Mehran VX,Karachi,550000.0,2006,100000.0,Petrol,800 cc,Manual
Toyota Raize Z,Karachi,6145000.0,2020,50000.0,Petrol,1000 cc,Automatic
Toyota Raize G,Karachi,5650000.0,2020,44000.0,Petrol,1000 cc,Automatic
KIA Carnival EX,Karachi,6300000.0,2019,208126.0,Petrol,3300 cc,Automatic
Toyota Camry 4th (XV40) Generation Up-Spec Automatic 2.4,Karachi,2350000.0,2006,150000.0,Petrol,2400 cc,Automatic
Suzuki Alto VS,Karachi,1450000.0,2004,75000.0,Petrol,660 cc,Automatic
Audi A4 1.4 TFSI,Karachi,8890000.0,2017,101000.0,Petrol,1400 cc,Automatic
Suzuki Mehran VX,Karachi,575000.0,2005,100000.0,Petrol,800 cc,Manual
Suzuki Cultus VXR,Karachi,2325000.0,2019,88000.0,Petrol,1000 cc,Manual
Toyota Passo,Karachi,2200000.0,2009,189701.0,Petrol,1000 cc,Automatic
KIA Sorento 2.4 FWD,Karachi,7950000.0,2022,18000.0,Petrol,2400 cc,Automatic
Honda City 5th (GM2) Generation 1.3 i-VTEC Prosmatec,Karachi,3775000.0,2020,69000.0,Petrol,1300 cc,Automatic
Toyota Hilux Revo Rocco,Karachi,13500000.0,2022,32000.0,Diesel,2800 cc,Automatic
Changan Alsvin 1.5L DCT Lumiere,Karachi,3565000.0,2021,78000.0,Petrol,1500 cc,Automatic
Toyota Hilux Revo V Automatic 3.0,Karachi,9400000.0,2017,112000.0,Diesel,3000 cc,Automatic
Toyota Corolla Altis Grande CVT-i 1.8,Karachi,5450000.0,2020,53000.0,Petrol,1800 cc,Automatic
Toyota Prius S 1.8,Karachi,3650000.0,2011,100000.0,Hybrid,1800 cc,Automatic
Toyota Corolla 9th (E120) Generation XLi,Karachi,1800000.0,2006,298989.0,Petrol,1300 cc,Manual
Nissan Dayz Highway Star S hybrid X pro pilot,Karachi,3775000.0,2021,67000.0,Hybrid,660 cc,Automatic
Suzuki Alto X,Karachi,980000.0,2007,78000.0,Petrol,660 cc,Automatic
Toyota Yaris Hatchback X,Karachi,4675000.0,2022,45000.0,Petrol,1000 cc,Automatic
Toyota Raize Z,Karachi,6400000.0,2021,52000.0,Petrol,1000 cc,Automatic
Suzuki Swift DLX 1.3,Karachi,1450000.0,2012,123454.0,Petrol,1300 cc,Manual
Toyota Hilux Revo V Automatic 2.8,Karachi,10300000.0,2019,70000.0,Diesel,2800 cc,Automatic
Toyota Raize Z,Karachi,6350000.0,2021,57000.0,Petrol,1000 cc,Automatic
Daihatsu Rocky G,Karachi,6100000.0,2020,39000.0,Petrol,1000 cc,Automatic
Toyota Aqua S,Karachi,4500000.0,2017,93000.0,Hybrid,1500 cc,Automatic
Toyota Raize Z,Karachi,6250000.0,2020,42000.0,Petrol,1000 cc,Automatic
Suzuki FX GA,Karachi,245000.0,1987,100000.0,Petrol,800 cc,Manual
Toyota Prius S LED Edition 1.8,Karachi,3479999.0,2011,107000.0,Hybrid,1800 cc,Automatic
Toyota Corolla GLi 1.3 VVTi,Karachi,3600000.0,2015,100000.0,Petrol,1300 cc,Manual
Audi A5 1.8 TFSI,Karachi,9000000.0,2013,44377.0,Petrol,1800 cc,Automatic
Suzuki Alto GII,Karachi,1635000.0,2007,100000.0,Petrol,660 cc,Automatic
Toyota Corolla GLi Automatic 1.3 VVTi,Karachi,4200000.0,2017,99000.0,Petrol,1300 cc,Automatic
Honda Freed Hybrid G Honda Sensing,Karachi,6000000.0,2019,18218.0,Petrol,1500 cc,Automatic
Toyota Vitz F 1.0,Karachi,3500000.0,2017,102637.0,Petrol,996 cc,Automatic
Suzuki Alto VXR,Karachi,760000.0,2003,10000.0,Petrol,1000 cc,Manual
Toyota Passo X V Package,Karachi,2450000.0,2011,85000.0,Petrol,1000 cc,Automatic
Suzuki Cultus VXL,Karachi,2460000.0,2018,71000.0,Petrol,1000 cc,Manual
Honda City 5th (GM2) Generation 1.3 i-VTEC Prosmatec,Karachi,3595000.0,2019,49000.0,Petrol,1300 cc,Automatic
Honda Civic Oriel 1.8 i-VTEC CVT,Karachi,5900000.0,2021,56112.0,Petrol,1800 cc,Automatic
Honda City 1.3 i-VTEC,Karachi,4000000.0,2021,26000.0,Petrol,1300 cc,Manual
FAW V2 VCT-i,Karachi,1789999.0,2019,86000.0,Petrol,1300 cc,Manual
Suzuki Alto VXL AGS,Karachi,2675000.0,2022,57554.0,Petrol,660 cc,Automatic
Toyota Corolla Altis Automatic 1.6,Karachi,4470000.0,2018,65000.0,Petrol,1600 cc,Automatic
Suzuki Alto VXL AGS,Karachi,2820000.0,2022,31000.0,Petrol,660 cc,Automatic
Peugeot Allure,Karachi,5650000.0,2022,47033.0,Petrol,1200 cc,Automatic
Toyota Land Cruiser AX,Karachi,21600000.0,2012,90179.0,Petrol,4600 cc,Automatic
Toyota Crown Athlete,Karachi,14800000.0,2016,97831.0,Petrol,2500 cc,Automatic
Daihatsu Mira X SA lll,Karachi,3775000.0,2022,18000.0,Petrol,660 cc,Automatic
Nissan Kicks XV Premium,Karachi,6200000.0,2020,76500.0,Hybrid,1200 cc,Automatic
Daihatsu Mira X SA lll,Karachi,3650000.0,2022,44927.0,Petrol,660 cc,Automatic
KIA Sportage FWD,Karachi,6700000.0,2021,55785.0,Petrol,2000 cc,Automatic
Suzuki Cultus VXRi (CNG),Karachi,1050000.0,2009,80000.0,Petrol,1000 cc,Manual
Toyota Corolla GLi 1.3 VVTi,Karachi,2330000.0,2011,100000.0,Petrol,1300 cc,Manual
Honda City 1.3 i-VTEC Prosmatec,Karachi,3850000.0,2019,63730.0,Petrol,1300 cc,Automatic
Toyota Passo X,Karachi,2400000.0,2014,85485.0,Petrol,1000 cc,Automatic
Suzuki Alto VXR,Karachi,2395000.0,2022,42903.0,Petrol,660 cc,Manual
Toyota Vitz F 1.0,Karachi,3000000.0,2015,75000.0,Petrol,1000 cc,Automatic
Toyota Sienta,Karachi,4040000.0,2015,170000.0,Hybrid,1500 cc,Automatic
Nissan Leaf EV,Karachi,8000000.0,2024,4305.0,Electric,40.0 kWh,Automatic
Nissan Roox S Hybrid,Karachi,3700000.0,2021,23000.0,Hybrid,660 cc,Automatic
Daihatsu Hijet Cruise,Karachi,2975000.0,2020,95000.0,Petrol,660 cc,Automatic
Hyundai Elantra GLS,Karachi,6250000.0,2023,16503.0,Petrol,2000 cc,Automatic
Toyota C-HR S-LED,Karachi,7000000.0,2018,89000.0,Hybrid,1800 cc,Automatic
MG HS Trophy,Karachi,6700000.0,2023,37200.0,Petrol,1500 cc,Automatic
Toyota Raize Z,Karachi,5875000.0,2020,60589.0,Petrol,1000 cc,Automatic
Honda Civic 1.8 i-VTEC CVT,Karachi,4150000.0,2016,68000.0,Petrol,1800 cc,Automatic
Honda City 5th (GM2) Generation 1.3 i-VTEC Prosmatec,Karachi,3135000.0,2015,135564.0,Petrol,1300 cc,Automatic
Toyota Raize Z,Karachi,6445000.0,2020,11000.0,Petrol,1000 cc,Automatic
Toyota Raize Z,Karachi,6625000.0,2021,16500.0,Petrol,1000 cc,Automatic
Toyota Corolla GLi Automatic 1.3 VVTi,Karachi,5000000.0,2018,14743.0,Petrol,1300 cc,Automatic
KIA Picanto 1.0 AT,Karachi,2760000.0,2021,62000.0,Petrol,1000 cc,Automatic
Suzuki Mehran VXR Euro II,Karachi,900000.0,2016,90000.0,Petrol,796 cc,Manual
Toyota Corolla Altis Grande X CVT-i 1.8 Beige Interior,Karachi,6150000.0,2021,91000.0,Petrol,1800 cc,Automatic
Lexus UX 300e,Karachi,14900000.0,2021,32824.0,Electric,55.0 kWh,Automatic
Toyota Corolla XLi VVTi Limited Edition,Karachi,2850000.0,2014,124223.0,Petrol,1300 cc,Manual
Honda Civic Oriel 1.8 i-VTEC CVT,Karachi,4800000.0,2017,86905.0,Petrol,1800 cc,Automatic
Daihatsu Cuore CX,Karachi,900000.0,2009,117869.0,Petrol,800 cc,Manual
Toyota Corolla XLi VVTi,Karachi,2725000.0,2012,148000.0,Petrol,1300 cc,Manual
Honda Accord,Karachi,625000.0,1989,600000.0,Petrol,1500 cc,Manual
Daihatsu Move Custom X,Karachi,2000000.0,2014,40000.0,Petrol,660 cc,Automatic
Suzuki Alto VXR,Karachi,880000.0,2008,100000.0,Petrol,1000 cc,Manual
Toyota Raize Z,Karachi,6300000.0,2020,55000.0,Petrol,1000 cc,Automatic
Suzuki Cultus EURO II,Karachi,1300000.0,2013,105661.0,Petrol,1000 cc,Manual
Proton Saga 1.3L Ace A/T,Karachi,2900000.0,2022,33429.0,Petrol,1299 cc,Automatic
Toyota Aqua X Urban Solid,Karachi,5500000.0,2018,126543.0,Hybrid,1500 cc,Automatic
Honda Fit 1.5 Hybrid Smart Selection,Karachi,3190000.0,2014,239009.0,Hybrid,1500 cc,Automatic
Nissan Dayz J,Karachi,2300000.0,2017,67000.0,Petrol,660 cc,Automatic
Suzuki Mehran VXR,Karachi,800000.0,2010,540000.0,Petrol,800 cc,Manual
Honda City 5th (GM2) Generation 1.3 i-VTEC Prosmatec,Karachi,3875000.0,2021,38000.0,Petrol,1300 cc,Automatic
Honda City 6th Generation 1.2L CVT,Karachi,4500000.0,2023,35000.0,Petrol,1200 cc,Automatic
Isuzu D-Max X-Terrain,Karachi,14500000.0,2025,4500.0,Diesel,3000 cc,Automatic
Toyota Aqua,Karachi,5450000.0,2020,30498.0,Hybrid,1500 cc,Automatic
Honda Vezel Hybrid Z,Karachi,5500000.0,2015,142000.0,Hybrid,1500 cc,Automatic
Suzuki Mehran VXR (CNG),Karachi,825000.0,2011,78400.0,Petrol,800 cc,Manual
Honda City 1.5L ASPIRE CVT,Karachi,5100000.0,2022,55208.0,Petrol,1500 cc,Automatic
Honda N Wgn G,Karachi,3500000.0,2021,32158.0,Petrol,660 cc,Automatic
Honda Civic Rebirth VTi Oriel Prosmatec 1.8 i-VTEC,Karachi,2800000.0,2012,82410.0,Petrol,1800 cc,Automatic
Toyota Surf SSR-X 4.0,Karachi,7700000.0,2006,246200.0,Petrol,4000 cc,Automatic
Porsche Cayenne Platinum Edition,Karachi,31500000.0,2017,62013.0,Petrol,3600 cc,Automatic
Toyota Prado TX 2.7,Karachi,19200000.0,2016,111063.0,Petrol,2700 cc,Automatic
Honda Civic EXi Prosmatec,Karachi,1780000.0,2004,150000.0,Petrol,1500 cc,Automatic
KIA Sportage AWD,Karachi,7800000.0,2021,3230.0,Petrol,2000 cc,Automatic
Honda Civic Turbo 1.5 VTEC CVT,Karachi,5100000.0,2017,110383.0,Petrol,1500 cc,Automatic
Jeep Gladiator Rubicon,Karachi,25000000.0,2020,19382.0,Petrol,3604 cc,Automatic
Toyota Passo X L Package,Karachi,4400000.0,2021,21907.0,Petrol,1000 cc,Automatic
Toyota Raize G,Karachi,5800000.0,2020,58000.0,Petrol,1000 cc,Automatic
Hyundai Sonata 2.5,Karachi,9150000.0,2022,19752.0,Petrol,2500 cc,Automatic
Toyota Prado 2nd (J90) Generation TX Limited 2.7,Karachi,5500000.0,2002,127823.0,Petrol,2700 cc,Automatic
Honda Civic 1.8 i-VTEC CVT,Karachi,5300000.0,2020,77531.0,Petrol,1800 cc,Automatic
Mercedes Benz E Class 4th (W212) Generation E250,Karachi,10300000.0,2012,31597.0,Petrol,2100 cc,Automatic
Daihatsu Cuore CX Automatic,Karachi,1100000.0,2006,98657.0,Petrol,800 cc,Automatic
Toyota Aqua L,Karachi,3000000.0,2012,160032.0,Hybrid,1500 cc,Automatic
Suzuki Alto VXL AGS,Karachi,3150000.0,2024,15000.0,Petrol,660 cc,Automatic
Toyota Noah G,Karachi,5600000.0,2015,56802.0,Hybrid,1800 cc,Automatic
Honda City Aspire Prosmatec 1.3 i-VTEC,Karachi,2790000.0,2013,82000.0,Petrol,1300 cc,Automatic
KIA Sorento 2.4 FWD,Karachi,8700000.0,2022,12158.0,Petrol,2400 cc,Automatic
Honda Civic Oriel 1.8 i-VTEC CVT,Karachi,6225000.0,2021,52000.0,Petrol,1800 cc,Automatic
Honda Freed Hybrid G Honda Sensing,Karachi,3550000.0,2013,136000.0,Hybrid,1500 cc,Automatic
Toyota Aqua G LED Soft Leather Selection,Karachi,5500000.0,2017,92000.0,Hybrid,1500 cc,Automatic
Daihatsu Charade GT-ti,Karachi,530000.0,1992,20000.0,Petrol,1000 cc,Manual
Suzuki Khyber GA,Karachi,425000.0,1995,85000.0,Petrol,1000 cc,Manual
KIA Sportage AWD,Karachi,7000000.0,2022,56000.0,Petrol,2000 cc,Automatic
Toyota Raize G,Karachi,5750000.0,2020,45000.0,Petrol,1000 cc,Automatic
Honda City 6th Generation 1.5L ASPIRE CVT,Karachi,5300000.0,2022,25591.0,Petrol,1500 cc,Automatic
Nissan Dayz Highway Star S hybrid X pro pilot,Karachi,3100000.0,2019,61317.0,Hybrid,660 cc,Automatic
Haval H6 HEV,Karachi,11500000.0,2024,12395.0,Hybrid,1500 cc,Automatic
Suzuki Mehran VXR,Karachi,350000.0,1999,100000.0,Petrol,800 cc,Manual
Suzuki Bolan GL,Karachi,500000.0,2006,127000.0,Petrol,800 cc,Manual
Daihatsu Mira L,Karachi,3500000.0,2022,11000.0,Petrol,660 cc,Automatic
Toyota Hilux Vigo Champ G,Karachi,6950000.0,2016,153503.0,Diesel,2500 cc,Automatic
Daihatsu Move L,Karachi,2275000.0,2013,174.0,Petrol,660 cc,Automatic
Toyota Corolla GLi Automatic 1.3 VVTi,Karachi,3150000.0,2014,96789.0,Petrol,1300 cc,Automatic
Toyota Corolla GLi Automatic 1.3 VVTi,Karachi,3350000.0,2015,96789.0,Petrol,1300 cc,Automatic
Daihatsu Mira L,Karachi,3475000.0,2022,14462.0,Petrol,660 cc,Automatic
Daihatsu Mira L,Karachi,3385000.0,2022,15800.0,Petrol,660 cc,Automatic
Toyota Aqua L,Karachi,3100000.0,2013,119141.0,Hybrid,1500 cc,Automatic
Nissan Patrol 6th (Y62) Generation Ti-L,Karachi,20000000.0,2013,150737.0,Petrol,5600 cc,Automatic
Honda Accord CL9,Karachi,2500000.0,2003,165180.0,Petrol,2400 cc,Automatic
Mitsubishi Galant,Karachi,635000.0,1992,200000.0,CNG,1500 cc,Manual
Toyota Corolla XLi VVTi,Karachi,4299000.0,2019,85000.0,Petrol,1300 cc,Manual
KIA Picanto 1.0 AT,Karachi,3000000.0,2021,29846.0,Petrol,1000 cc,Automatic
Toyota Hilux GR Sport 2.4D,Karachi,17800000.0,2025,1.0,Diesel,2400 cc,Automatic
Suzuki Cultus VXR,Karachi,800000.0,2007,100000.0,Petrol,1000 cc,Manual
Suzuki Alto VXL AGS,Karachi,3150000.0,2024,27614.0,Petrol,660 cc,Automatic
Suzuki Mehran VXR,Karachi,495000.0,2007,8000.0,Petrol,800 cc,Manual
MG HS Trophy,Karachi,5900000.0,2021,21268.0,Petrol,1500 cc,Automatic
KIA Sorento 2.4 FWD,Karachi,7450000.0,2021,18727.0,Petrol,2400 cc,Automatic
Suzuki Khyber GA,Karachi,265000.0,1990,600000.0,Petrol,1000 cc,Manual
Mazda Scrum Wagon,Karachi,2900000.0,2020,114000.0,Petrol,660 cc,Automatic
Daihatsu Mira L,Karachi,2200000.0,2015,140000.0,Petrol,660 cc,Automatic
Daihatsu Mira G SA III,Karachi,3995000.0,2024,7414.0,Petrol,660 cc,Automatic
Suzuki Alto VXR,Karachi,650000.0,2006,200000.0,Petrol,1000 cc,Manual
Suzuki Cultus VXL,Karachi,4000000.0,2024,30632.0,Petrol,1000 cc,Manual
Daihatsu Mira X Memorial Edition,Karachi,2700000.0,2015,88000.0,Petrol,660 cc,Automatic
Daihatsu Hijet,Karachi,2375000.0,2020,88000.0,Petrol,660 cc,Automatic
Honda Civic 7th Generation (Facelift) EXi,Karachi,1475000.0,2006,123456.0,Petrol,1500 cc,Manual
Suzuki Every Wagon JP,Karachi,1685000.0,2012,85200.0,Petrol,660 cc,Automatic
Toyota Aqua G LED Soft Leather Selection,Karachi,3879999.0,2015,79000.0,Hybrid,1500 cc,Automatic
Suzuki Alto VXR,Karachi,630000.0,2006,110000.0,Petrol,1000 cc,Manual
MG ZS 1.5L,Karachi,5400000.0,2022,31000.0,Petrol,1490 cc,Automatic
KIA Picanto 1.0 MT,Karachi,2850000.0,2023,39673.0,Petrol,1000 cc,Manual
Honda Civic 7th Generation (Facelift) VTi Oriel UG Prosmatec 1.6,Karachi,2275000.0,2006,171000.0,Petrol,1600 cc,Automatic
Toyota Raize Z,Karachi,6150000.0,2020,25000.0,Petrol,1000 cc,Automatic
Honda Civic Oriel Prosmatec UG,Karachi,3779999.0,2015,59000.0,Petrol,1800 cc,Automatic
Daihatsu Mira X Memorial Edition,Karachi,2425000.0,2014,98500.0,Petrol,660 cc,Automatic
Toyota Raize G,Karachi,5750000.0,2020,38000.0,Petrol,1000 cc,Automatic
Honda Civic Oriel Prosmatec UG,Karachi,3250000.0,2013,115000.0,Petrol,1800 cc,Automatic
Suzuki Alto,Karachi,3700000.0,2022,37000.0,Petrol,660 cc,Automatic
Daihatsu Charade CL,Karachi,370000.0,1986,150000.0,Diesel,1000 cc,Manual
Honda Civic EXi Automatic,Karachi,1000000.0,2000,208768.0,Petrol,1500 cc,Automatic
Suzuki Wagon R Hybrid FZ,Karachi,2950000.0,2018,170783.0,Hybrid,660 cc,Automatic
Mazda Flair XG,Karachi,1700000.0,2013,353374.0,Petrol,660 cc,Automatic
Toyota Corolla 9th (E120) Generation XLi,Karachi,1930000.0,2006,128259.0,Petrol,1300 cc,Manual
Daihatsu Cuore CX Eco,Karachi,640000.0,2006,154444.0,Petrol,800 cc,Manual
Toyota Estima X,Karachi,5200000.0,2012,275287.0,Hybrid,2400 cc,Automatic
Toyota Passo X,Karachi,2500000.0,2012,162235.0,Petrol,1000 cc,Automatic
Toyota Vitz Hybrid F 1.5,Karachi,4500000.0,2017,93000.0,Hybrid,1500 cc,Automatic
KIA Sportage AWD,Karachi,7050000.0,2021,87000.0,Petrol,2000 cc,Automatic
Changan Karvaan Plus,Karachi,1800000.0,2020,79000.0,Petrol,1000 cc,Manual
Suzuki Wagon R VXL,Karachi,1914999.0,2015,150000.0,Petrol,1000 cc,Manual
Daihatsu Mira X SA lll,Karachi,3899000.0,2024,11827.0,Petrol,660 cc,Automatic
Proton X70 Premium FWD,Karachi,6500000.0,2022,56000.0,Petrol,1500 cc,Automatic
United Bravo Base Grade,Karachi,875000.0,2020,68000.0,Petrol,800 cc,Automatic
Honda Civic Reborn VTi Prosmatec 1.8 i-VTEC,Karachi,2675000.0,2009,71000.0,Petrol,1800 cc,Automatic
Suzuki Cultus Auto Gear Shift,Karachi,2850000.0,2018,96000.0,Petrol,1000 cc,Automatic
Daihatsu Hijet,Karachi,2365000.0,2019,155000.0,Petrol,660 cc,Automatic
Daihatsu Cuore CX,Karachi,700000.0,2005,138436.0,Petrol,800 cc,Manual
Suzuki Cultus VXR,Karachi,3765000.0,2024,6000.0,Petrol,1000 cc,Manual
Honda City 6th Generation 1.5L ASPIRE CVT,Karachi,4925000.0,2022,47000.0,Petrol,1500 cc,Automatic
Honda City 6th Generation 1.2L CVT,Karachi,4880000.0,2025,12000.0,Petrol,1200 cc,Automatic
Suzuki Alto G,Karachi,2025000.0,2012,86000.0,Petrol,660 cc,Automatic
Honda BR-V i-VTEC S,Karachi,5350000.0,2022,98000.0,Petrol,1500 cc,Automatic
Nissan Dayz Highway Star S hybrid X pro pilot,Karachi,3250000.0,2019,81700.0,Hybrid,660 cc,Automatic
Toyota Pixis Epoch X,Karachi,1700000.0,2013,300000.0,Petrol,660 cc,Automatic
Suzuki Bolan VX Euro II,Karachi,2165000.0,2024,50.0,Petrol,800 cc,Manual
Nissan Dayz Highway Star S hybrid X pro pilot,Karachi,3650000.0,2019,19000.0,Hybrid,660 cc,Automatic
Haval H6 2.0T AWD,Karachi,10600000.0,2024,27800.0,Petrol,2000 cc,Automatic
Honda City 6th Generation 1.5L CVT,Karachi,4475000.0,2022,23000.0,Petrol,1500 cc,Automatic
Mercedes Benz E Class 4th (W212) Generation E63 AMG,Karachi,19500000.0,2014,5000.0,Petrol,5500 cc,Automatic
Hyundai Tucson Hybrid Signature,Karachi,12500000.0,2025,1100.0,Hybrid,1600 cc,Automatic
Suzuki Cultus VXLi,Karachi,1080000.0,2009,48000.0,Petrol,1000 cc,Manual
Suzuki Bolan VX Euro II,Karachi,750000.0,2013,45000.0,Petrol,800 cc,Manual
Toyota Corolla Altis Grande CVT-i 1.8,Karachi,5650000.0,2020,70600.0,Petrol,1800 cc,Automatic
KIA Sportage AWD,Karachi,6950000.0,2021,51200.0,Petrol,2000 cc,Automatic
Toyota Alphard,Karachi,4200000.0,2004,165000.0,Petrol,3000 cc,Automatic
Toyota Hiace,Karachi,11000000.0,2020,59000.0,Petrol,2700 cc,Automatic
Toyota Hilux Revo GR Sport,Karachi,16800000.0,2022,13000.0,Diesel,2400 cc,Automatic
Nissan Dayz Bolero X,Karachi,2350000.0,2015,68000.0,Petrol,660 cc,Automatic
Nissan Dayz Highway Star X,Karachi,2245000.0,2013,90000.0,Petrol,660 cc,Automatic
BAIC BJ40 Plus Honorable Edition,Karachi,8100000.0,2022,45752.0,Petrol,2000 cc,Automatic
Toyota Corolla Altis Grande X CVT-i 1.8 Beige Interior,Karachi,6300000.0,2021,92000.0,Petrol,1800 cc,Automatic
Suzuki Swift RS 1.2,Karachi,2990000.0,2013,61500.0,Petrol,1200 cc,Automatic
Suzuki Alto VXR,Karachi,2475000.0,2025,30890.0,Petrol,660 cc,Manual
Honda Civic Oriel 1.8 i-VTEC CVT,Karachi,4400000.0,2017,88000.0,Petrol,1800 cc,Automatic
Changan Alsvin 1.5L DCT Lumiere,Karachi,3625000.0,2022,31000.0,Petrol,1500 cc,Automatic
Honda City Aspire Prosmatec 1.5 i-VTEC,Karachi,4000000.0,2020,77000.0,Petrol,1500 cc,Automatic
Suzuki Alto VXL AGS,Karachi,2795000.0,2022,44200.0,Petrol,660 cc,Automatic
Honda City 1.5L ASPIRE CVT,Karachi,5600000.0,2023,6700.0,Petrol,1500 cc,Automatic
United Bravo Base Grade,Karachi,875000.0,2021,74000.0,Petrol,800 cc,Manual
Honda N One Premium Tourer,Karachi,4150000.0,2023,3900.0,Petrol,658 cc,Automatic
Honda Civic VTi Oriel Prosmatec 1.6,Karachi,1900000.0,2004,104000.0,Petrol,1600 cc,Automatic
Toyota Raize Z,Karachi,6900000.0,2021,32000.0,Petrol,1000 cc,Automatic
Toyota Raize Z,Karachi,6600000.0,2021,28261.0,Petrol,1000 cc,Automatic
Toyota Raize Z,Karachi,6350000.0,2020,13548.0,Petrol,1000 cc,Automatic
Suzuki Alto VXR AGS,Karachi,2770000.0,2023,65000.0,Petrol,660 cc,Automatic
Toyota Vitz 1.0F Safety Edition III,Karachi,4000000.0,2017,103000.0,Petrol,1000 cc,Automatic
Toyota Raize Z,Karachi,6100000.0,2020,84000.0,Petrol,1000 cc,Automatic
KIA Picanto 1.0 AT,Karachi,3100000.0,2023,25000.0,Petrol,1000 cc,Automatic
Hyundai Sonata 2.5,Karachi,9500000.0,2022,29000.0,Petrol,2500 cc,Automatic
Honda City,Karachi,1630000.0,2025,250000.0,Petrol,1300 cc,Manual
Suzuki Alto VXR,Karachi,1165000.0,2012,112000.0,Petrol,1000 cc,Manual
Toyota Corolla Altis Automatic 1.6,Karachi,4095000.0,2017,78000.0,Petrol,1600 cc,Automatic
Suzuki Swift GL CVT Limited Edition,Karachi,3995000.0,2022,40000.0,Petrol,1200 cc,Automatic
Toyota Raize Z,Karachi,5800000.0,2019,72000.0,Petrol,1000 cc,Automatic
Hyundai Elantra GL,Karachi,4900000.0,2022,59000.0,Petrol,1600 cc,Automatic
Suzuki Alto VXL AGS,Karachi,2550000.0,2021,58000.0,Petrol,660 cc,Automatic
Daihatsu Mira L SA,Karachi,2375000.0,2016,62000.0,Petrol,660 cc,Automatic
Mazda Axela,Karachi,2400000.0,2006,98000.0,Petrol,1600 cc,Automatic
Honda Civic Oriel 1.8 i-VTEC CVT,Karachi,5250000.0,2019,56000.0,Petrol,1800 cc,Automatic
KIA Sportage AWD,Karachi,6300000.0,2020,130000.0,Petrol,2000 cc,Automatic
Suzuki Swift DLX Automatic 1.3,Karachi,2150000.0,2014,125000.0,Petrol,1300 cc,Automatic
Suzuki Cultus VXR,Karachi,3250000.0,2021,24000.0,Petrol,1000 cc,Manual
Honda Civic Oriel Prosmatec UG,Karachi,3495000.0,2016,102000.0,Petrol,1800 cc,Automatic
Toyota Corolla Altis 1.6 X CVT-i Special Edition,Karachi,5950000.0,2022,40000.0,Petrol,1600 cc,Automatic
Suzuki Liana LXi Sport,Karachi,1080000.0,2006,81500.0,Petrol,1300 cc,Manual
KIA Stonic EX+,Karachi,5025000.0,2025,8200.0,Petrol,1400 cc,Automatic
Daihatsu Mira X Memorial Edition,Karachi,1725000.0,2007,97813.0,Petrol,660 cc,Automatic
Toyota Raize Z,Karachi,6260000.0,2021,37000.0,Petrol,1000 cc,Automatic
Toyota Raize Z,Karachi,5725000.0,2020,132000.0,Petrol,1000 cc,Automatic
Toyota Raize Z,Karachi,6050000.0,2020,26000.0,Petrol,1000 cc,Automatic
Suzuki Bolan VX,Karachi,750000.0,2010,100000.0,Petrol,800 cc,Manual
Suzuki Alto Hybrid S,Karachi,3675000.0,2022,55000.0,Hybrid,660 cc,Automatic
Toyota Corolla Fielder Hybrid G WB,Karachi,5450000.0,2017,122000.0,Hybrid,1500 cc,Automatic
Toyota Corolla Altis Grande CVT-i 1.8,Karachi,4050000.0,2015,118000.0,Petrol,1800 cc,Automatic
Honda Civic Oriel 1.8 i-VTEC CVT,Karachi,4750000.0,2017,87000.0,Petrol,1800 cc,Automatic
Toyota Raize G,Karachi,5450000.0,2020,50000.0,Petrol,1000 cc,Automatic
Toyota Raize Z,Karachi,6150000.0,2020,41000.0,Petrol,1000 cc,Automatic
Toyota Tundra 5.7i,Karachi,14700000.0,2014,77000.0,Petrol,5700 cc,Automatic
Suzuki Cultus Auto Gear Shift,Karachi,2750000.0,2018,80000.0,Petrol,1000 cc,Automatic
Suzuki Cultus Auto Gear Shift,Karachi,3120000.0,2021,80000.0,Petrol,1000 cc,Automatic
Suzuki Alto VXR,Karachi,2275000.0,2020,45000.0,Petrol,660 cc,Manual
Hyundai Elantra GLS,Karachi,6100000.0,2022,31000.0,Petrol,2000 cc,Automatic
MG HS PHEV,Karachi,9295000.0,2025,198.0,Hybrid,1500 cc,Automatic
Toyota Corolla Altis 1.6 X CVT-i,Karachi,6150000.0,2023,28000.0,Petrol,1600 cc,Automatic
Honda Civic EXi Prosmatec,Karachi,1639999.0,2005,180000.0,Petrol,1500 cc,Automatic
Suzuki Cultus VXR,Karachi,944999.0,2006,130000.0,Petrol,1000 cc,Manual
Honda Civic Oriel 1.8 i-VTEC CVT,Karachi,5145000.0,2018,53170.0,Petrol,1800 cc,Automatic
Suzuki Alto VXR,Karachi,1150000.0,2011,50000.0,Petrol,1000 cc,Manual
Toyota Prado 3rd (J120) Generation TX Limited 3.4,Karachi,7750000.0,2005,75000.0,Petrol,3400 cc,Automatic
Toyota Hilux Revo V Automatic 2.8,Karachi,12400000.0,2021,15000.0,Diesel,2800 cc,Automatic
Suzuki Alto VXL AGS,Karachi,2950000.0,2023,37800.0,Petrol,660 cc,Automatic
Honda City Aspire Prosmatec 1.5 i-VTEC,Karachi,3795000.0,2018,80000.0,Petrol,1500 cc,Automatic
Toyota Vitz F 1.0,Karachi,2700000.0,2013,150000.0,Petrol,1000 cc,Automatic
Toyota Yaris Sedan ATIV CVT 1.3,Karachi,4625000.0,2022,26000.0,Petrol,1300 cc,Automatic
Honda Civic Oriel 1.8 i-VTEC CVT,Karachi,4650000.0,2017,73000.0,Petrol,1800 cc,Automatic
Toyota Raize Z,Karachi,6050000.0,2020,14000.0,Petrol,1000 cc,Automatic
Subaru Pleo,Karachi,3375000.0,2022,10900.0,Petrol,660 cc,Automatic
Toyota Raize G,Karachi,5735000.0,2020,8800.0,Petrol,1000 cc,Automatic
Honda Civic Oriel 1.8 i-VTEC CVT,Karachi,5475000.0,2020,68000.0,Petrol,1800 cc,Automatic
Hyundai Tucson AWD A/T Ultimate,Karachi,8450000.0,2024,20000.0,Petrol,2000 cc,Automatic
Toyota Raize Z,Karachi,6450000.0,2020,49000.0,Petrol,1000 cc,Automatic
Hyundai Elantra Hybrid,Karachi,9900000.0,2025,15000.0,Hybrid,1600 cc,Automatic
Suzuki Alto VXR,Karachi,2780000.0,2024,40000.0,Petrol,660 cc,Manual
Toyota Corolla Altis SR Cruisetronic 1.6,Karachi,3750000.0,2013,160000.0,Petrol,1600 cc,Automatic
Toyota Raize Z,Karachi,6450000.0,2020,38700.0,Petrol,1000 cc,Automatic
Toyota Hilux Revo V Automatic 2.8,Karachi,14800000.0,2025,25.0,Diesel,2800 cc,Automatic
Suzuki Cultus VXR,Karachi,650000.0,2004,110000.0,Petrol,1000 cc,Manual
United Bravo Base Grade,Karachi,900000.0,2019,34500.0,Petrol,800 cc,Manual
Toyota Corolla XLi VVTi,Karachi,3400000.0,2017,134000.0,Petrol,1300 cc,Manual
Suzuki Alto VXR,Karachi,2280000.0,2021,57863.0,Petrol,660 cc,Manual
Toyota Passo Plus Hana C,Karachi,2775000.0,2014,86000.0,Petrol,1000 cc,Automatic
Suzuki Alto L Upgrade,Karachi,3325000.0,2025,6770.0,Petrol,660 cc,Automatic
Suzuki Alto L,Karachi,2740000.0,2018,26500.0,Petrol,660 cc,Automatic
Nissan Wingroad,Karachi,1720000.0,2006,174000.0,Petrol,1500 cc,Automatic
Suzuki Jimny,Karachi,4150000.0,2020,87000.0,Petrol,660 cc,Manual
Suzuki Every 6th Generation (Imported) PU,Karachi,2825000.0,2021,88000.0,Petrol,660 cc,Automatic
Toyota Belta X 1.0,Karachi,1950000.0,2006,130000.0,Petrol,1000 cc,Automatic
Honda City 5th (GM2) Generation Aspire Prosmatec 1.5 i-VTEC,Karachi,3600000.0,2015,91000.0,Petrol,1500 cc,Automatic
Toyota Prado TX L Package 2.7,Karachi,31500000.0,2021,45000.0,Petrol,2700 cc,Automatic
Toyota Prado TX 2.7,Karachi,26600000.0,2021,32000.0,Petrol,2700 cc,Automatic
Toyota Prado TX L Package 2.7,Karachi,29200000.0,2021,22000.0,Petrol,2700 cc,Automatic
Toyota Prado TX L Package 2.7,Karachi,31500000.0,2021,17600.0,Petrol,2700 cc,Automatic
Toyota Prado TX L Package 2.7,Karachi,30299999.0,2021,44000.0,Petrol,2700 cc,Automatic
Toyota Prado TX L Package 2.7,Karachi,30500000.0,2021,16000.0,Petrol,2700 cc,Automatic
Toyota Prado TX 2.7,Karachi,26300000.0,2021,45000.0,Petrol,2700 cc,Automatic
Toyota Prado TX L Package 2.7,Karachi,27799999.0,2020,46000.0,Petrol,2700 cc,Automatic
Toyota Land Cruiser ZX Gasoline 3.5L,Karachi,62800000.0,2022,9200.0,Petrol,3500 cc,Automatic
Suzuki Bolan VX,Karachi,700000.0,2005,40000.0,Petrol,800 cc,Manual
Suzuki Bolan VX,Karachi,880000.0,2010,48.0,Petrol,800 cc,Manual
Lamborghini Urus Performante,Karachi,177500000.0,2020,15000.0,Petrol,4000 cc,Automatic
Suzuki Alto VXR,Karachi,2610000.0,2023,28000.0,Petrol,660 cc,Manual
Daihatsu Mira L SA III,Karachi,3475000.0,2021,13000.0,Petrol,660 cc,Automatic
Toyota Prius S 1.5,Karachi,3400000.0,2011,74000.0,Hybrid,1500 cc,Automatic
Suzuki Alto VXL AGS,Karachi,2700000.0,2022,26000.0,Petrol,660 cc,Automatic
Daihatsu Taft G Turbo,Karachi,4650000.0,2022,1500.0,Petrol,660 cc,Automatic
Toyota Corolla GLi Automatic 1.3 VVTi,Karachi,3726000.0,2019,121000.0,Petrol,1300 cc,Automatic
Peugeot Allure,Karachi,5300000.0,2022,50000.0,Petrol,1200 cc,Automatic
FAW X-PV Dual AC,Karachi,925000.0,2015,52000.0,Petrol,1000 cc,Manual
Daihatsu Mira X SA lll,Karachi,3950000.0,2023,500.0,Petrol,660 cc,Automatic
Toyota Raize Z,Karachi,6300000.0,2022,43000.0,Petrol,1000 cc,Automatic
Daihatsu Cuore,Karachi,585000.0,2001,500000.0,Petrol,800 cc,Manual
Toyota Corolla Altis Automatic 1.8,Karachi,1800000.0,2005,220000.0,Petrol,1800 cc,Automatic
Honda City 5th (GM2) Generation 1.3 i-VTEC,Karachi,4300000.0,2021,40000.0,Petrol,1300 cc,Manual
Suzuki Mehran VXR (CNG),Karachi,800000.0,2010,550000.0,Petrol,800 cc,Manual
Toyota Yaris Sedan GLI CVT 1.3,Karachi,4490000.0,2023,17125.0,Petrol,1300 cc,Automatic
Honda City 5th (GM2) Generation 1.3 i-VTEC Prosmatec,Karachi,3650000.0,2019,42000.0,Petrol,1300 cc,Automatic
Toyota Yaris Hatchback X,Karachi,4450000.0,2022,70000.0,Petrol,1000 cc,Automatic
Honda Civic Rebirth VTi Prosmatec 1.8 i-VTEC,Karachi,3000000.0,2013,105000.0,Petrol,1800 cc,Automatic
Honda Civic Oriel 1.8 i-VTEC CVT,Karachi,3885000.0,2018,94000.0,Petrol,1800 cc,Automatic
Toyota Prado TX L Package 2.7,Karachi,27799999.0,2020,47000.0,Petrol,2700 cc,Automatic
Toyota Vitz F Limited 1.0,Karachi,2775000.0,2013,72000.0,Petrol,1000 cc,Automatic
Toyota Camry High Grade,Karachi,18000000.0,2021,35000.0,Hybrid,2500 cc,Automatic
Daihatsu Mira X SA lll,Karachi,3379999.0,2021,45000.0,Petrol,660 cc,Automatic
Suzuki Alto VXL AGS,Karachi,2900000.0,2023,39000.0,Petrol,660 cc,Automatic
Honda Civic Oriel 1.8 i-VTEC CVT,Karachi,4650000.0,2017,90000.0,Petrol,1800 cc,Automatic
Toyota Hilux Revo GR Sport,Karachi,15000000.0,2021,58000.0,Diesel,2400 cc,Automatic
Honda Civic Oriel 1.8 i-VTEC CVT,Karachi,5150000.0,2019,71000.0,Petrol,1800 cc,Automatic
Toyota Raize XS,Karachi,5400000.0,2021,40200.0,Petrol,1000 cc,Automatic
Toyota Corolla Altis Automatic 1.6,Karachi,4850000.0,2020,47300.0,Petrol,1600 cc,Automatic
Suzuki Every,Karachi,2850000.0,2017,175000.0,Petrol,660 cc,Automatic
Toyota Harrier,Karachi,2375000.0,2003,100000.0,Petrol,2400 cc,Automatic
Nissan Serena e-POWER Highway Star,Karachi,6700000.0,2019,96777.0,Hybrid,1200 cc,Automatic
Suzuki Swift GLX CVT,Karachi,4300000.0,2022,52000.0,Petrol,1200 cc,Automatic
Suzuki Cultus EURO II,Karachi,1450000.0,2014,71000.0,Petrol,1000 cc,Manual
Changan Karvaan Base Model 1.0,Karachi,2650000.0,2022,47000.0,Petrol,1000 cc,Manual
Mercedes Benz S Class,Karachi,27500000.0,2012,20000.0,Petrol,6203 cc,Automatic
Suzuki Mehran VX (CNG),Karachi,575000.0,2006,147000.0,Petrol,800 cc,Manual
Suzuki Alto VXR,Karachi,850000.0,2008,282206.0,Petrol,1000 cc,Manual
Honda Civic Oriel 1.8 i-VTEC CVT,Karachi,4550000.0,2017,91000.0,Petrol,1800 cc,Automatic
Toyota Yaris Sedan ATIV CVT 1.3,Karachi,3800000.0,2021,70000.0,Petrol,1300 cc,Automatic
Toyota Corolla Altis SR Cruisetronic 1.8,Karachi,2935000.0,2011,89000.0,Petrol,1800 cc,Automatic
Mitsubishi Pajero GLX 3.2D,Karachi,4850000.0,2000,145000.0,Diesel,3200 cc,Automatic
Toyota Corolla GLi 1.3 VVTi,Karachi,2550000.0,2011,103000.0,Petrol,1300 cc,Manual
Suzuki Cultus VXL,Karachi,2750000.0,2019,154000.0,Petrol,1000 cc,Manual
Honda City 5th (GM2) Generation 1.3 i-VTEC Prosmatec,Karachi,2485000.0,2011,11500.0,Petrol,1300 cc,Automatic
Porsche Taycan,Karachi,32000000.0,2021,12000.0,Electric,71.0 kWh,Automatic
Toyota Passo,Karachi,1925000.0,2012,87000.0,Petrol,1000 cc,Automatic
Toyota Passo X,Karachi,1700000.0,2008,190673.0,Petrol,1000 cc,Automatic
Suzuki Alto L Upgrade,Karachi,3040000.0,2021,53000.0,Petrol,660 cc,Automatic
Toyota Sienta X,Karachi,5000000.0,2017,124000.0,Hybrid,1500 cc,Automatic
Toyota Land Cruiser 79 Series 30th Anniversary,Karachi,4500000.0,1993,156580.0,Diesel,3000 cc,Manual
Suzuki Cultus EURO II,Karachi,1375000.0,2013,88000.0,Petrol,1000 cc,Manual
Honda City i-DSI Vario,Karachi,2500000.0,2008,115000.0,Petrol,1300 cc,Automatic
Toyota Hilux Revo V Automatic 2.8,Karachi,22700000.0,2022,48500.0,Diesel,2800 cc,Automatic
Toyota Vitz F 1.0,Karachi,2350000.0,2011,88000.0,Petrol,1000 cc,Automatic
Honda Civic Oriel 1.8 i-VTEC CVT,Karachi,5720000.0,2020,73000.0,Petrol,1800 cc,Automatic
Honda Fit Shuttle Hybrid 1.3,Karachi,3250000.0,2014,295000.0,Hybrid,1300 cc,Automatic
Toyota Raize G,Karachi,5650000.0,2020,55000.0,Petrol,1000 cc,Automatic
Toyota Yaris Sedan GLI MT 1.3,Karachi,3700000.0,2022,67000.0,Petrol,1300 cc,Manual
Toyota Corolla Altis Grande CVT-i 1.8,Karachi,3779999.0,2014,93000.0,Petrol,1800 cc,Automatic
Suzuki Cultus Auto Gear Shift,Karachi,3400000.0,2019,18613.0,Petrol,1000 cc,Automatic
Toyota Corolla Altis Grande X CVT-i 1.8 Beige Interior,Karachi,6150000.0,2021,53000.0,Petrol,1800 cc,Automatic
Mercedes Benz C Class C180 Avantgarde,Karachi,13500000.0,2017,37000.0,Petrol,1600 cc,Automatic
Toyota Prius G 1.8,Karachi,4000000.0,2010,174278.0,Hybrid,1800 cc,Automatic
BMW 7 Series 735i,Karachi,3800000.0,2004,100000.0,Petrol,3600 cc,Automatic
Toyota Prius S LED Edition 1.8,Karachi,4200000.0,2013,117000.0,Hybrid,1800 cc,Automatic
Lexus LX Series LX 600 Ultra Luxury,Karachi,101500000.0,2022,5000.0,Petrol,3500 cc,Automatic
Toyota Corolla GLi Automatic 1.3 VVTi,Karachi,3675000.0,2016,80000.0,Petrol,1300 cc,Automatic
Honda Vezel Hybrid Z,Karachi,4075000.0,2014,97000.0,Hybrid,1500 cc,Automatic
Toyota Raize Z,Karachi,6150000.0,2020,40000.0,Petrol,1000 cc,Automatic
Suzuki Alto VXR (CNG),Karachi,650000.0,2003,247641.0,CNG,1000 cc,Manual
Toyota Raize Z,Karachi,6550000.0,2021,11000.0,Petrol,1000 cc,Automatic
Daihatsu Mira X SA lll,Karachi,3570000.0,2022,41000.0,Petrol,660 cc,Automatic
Mazda Carol GL,Karachi,3100000.0,2021,29000.0,Petrol,660 cc,Automatic
Daihatsu Mira B SA III,Karachi,3475000.0,2022,41000.0,Petrol,660 cc,Automatic
Suzuki Cultus VXL,Karachi,3650000.0,2022,29380.0,Petrol,1000 cc,Manual
MG HS Trophy,Karachi,6300000.0,2021,42000.0,Petrol,1500 cc,Automatic
Mitsubishi Pajero,Karachi,1575000.0,1990,111222.0,Petrol,2200 cc,Manual
Toyota Fortuner 2.7 V,Karachi,13400000.0,2021,39000.0,Petrol,2700 cc,Automatic
Suzuki Bolan,Karachi,350000.0,1985,15000.0,Petrol,800 cc,Manual
Suzuki Alto VXR,Karachi,1225000.0,2012,64000.0,Petrol,1000 cc,Manual
Toyota Hilux Revo V Automatic 2.8,Karachi,12000000.0,2021,46500.0,Diesel,2800 cc,Automatic
Hyundai Tucson FWD A/T GLS Sport,Karachi,7095000.0,2022,53545.0,Petrol,2000 cc,Automatic
KIA Sportage AWD,Karachi,6700000.0,2021,64000.0,Petrol,2000 cc,Automatic
Toyota Corolla Axio WXB,Karachi,6000000.0,2017,108000.0,Petrol,1500 cc,Automatic
Suzuki Alto Hybrid S LED,Karachi,3525000.0,2022,16008.0,Hybrid,660 cc,Automatic
Honda Civic Oriel 1.8 i-VTEC CVT,Karachi,4500000.0,2017,111000.0,Petrol,1800 cc,Automatic
Hyundai Tucson Hybrid Signature,Karachi,12100000.0,2025,7000.0,Hybrid,1600 cc,Automatic
Suzuki Alto VXL AGS,Karachi,2400000.0,2020,57000.0,Petrol,660 cc,Automatic
Toyota Corolla Altis Grande X CVT-i 1.8 Black Interior,Karachi,6250000.0,2022,69500.0,Petrol,1800 cc,Automatic
Toyota Corolla GLi Automatic 1.3 VVTi,Karachi,3970000.0,2019,67100.0,Petrol,1300 cc,Automatic
Toyota Corolla Altis Automatic 1.6,Karachi,4700000.0,2018,116432.0,Petrol,1600 cc,Automatic
Nissan Note e-Power Aura G Leather Edition,Karachi,7900000.0,2022,47787.0,Hybrid,1198 cc,Automatic
Changan Alsvin 1.5L DCT Lumiere,Karachi,3650000.0,2022,33690.0,Petrol,1500 cc,Automatic
Hyundai Tucson AWD A/T Ultimate,Karachi,7100000.0,2021,38000.0,Petrol,2000 cc,Automatic
Toyota Corolla Altis Grande X CVT-i 1.8 Black Interior,Karachi,6875000.0,2023,40000.0,Petrol,1800 cc,Automatic
Honda HR-V VTi-S,Karachi,6500000.0,2023,44000.0,Petrol,1500 cc,Automatic
Suzuki Wagon R Smile Hybrid G,Karachi,3500000.0,2022,2000.0,Hybrid,660 cc,Automatic
Toyota Raize Z,Karachi,6300000.0,2020,24000.0,Petrol,1000 cc,Automatic
Toyota Raize Z,Karachi,6250000.0,2020,43000.0,Petrol,1000 cc,Automatic
Toyota Raize Z,Karachi,6175000.0,2020,36000.0,Petrol,1000 cc,Automatic
Toyota Raize Z,Karachi,6175000.0,2020,10000.0,Petrol,1000 cc,Automatic
Toyota Raize Z,Karachi,5850000.0,2020,53000.0,Petrol,1000 cc,Automatic
Suzuki Spacia,Karachi,2000000.0,2014,154778.0,Petrol,660 cc,Automatic
Honda BR-V i-VTEC,Karachi,4200000.0,2018,65000.0,Petrol,1500 cc,Automatic
Toyota Prius S 1.8,Karachi,4700000.0,2015,93000.0,Hybrid,1800 cc,Automatic
Honda Vamos,Karachi,1215000.0,2012,138000.0,Petrol,660 cc,Automatic
Suzuki Cultus Auto Gear Shift,Karachi,3275000.0,2021,57219.0,Petrol,1000 cc,Automatic
Suzuki Swift GLX CVT,Karachi,4550000.0,2023,36700.0,Petrol,1200 cc,Automatic
Daihatsu Cuore CX,Karachi,890000.0,2011,140000.0,Petrol,800 cc,Manual
Honda Civic Oriel 1.8 i-VTEC CVT,Karachi,4700000.0,2019,78000.0,Petrol,1800 cc,Automatic
Nissan Dayz Highway Star G,Karachi,3525000.0,2020,42000.0,Petrol,660 cc,Automatic
Toyota Prius S LED Edition 1.8,Karachi,4600000.0,2014,106000.0,Hybrid,1800 cc,Automatic
Toyota Corolla 8th (E110) Generation XE,Karachi,1580000.0,2001,150000.0,Petrol,1300 cc,Manual
Honda Freed,Karachi,3250000.0,2012,80000.0,Petrol,1500 cc,Automatic
KIA Stonic EX+,Karachi,4800000.0,2022,60323.0,Petrol,1400 cc,Automatic
Mercedes Benz E Class E200,Karachi,12000000.0,2013,60000.0,Petrol,1800 cc,Automatic
Toyota Corolla GLi Automatic 1.3 VVTi,Karachi,3779999.0,2017,63239.0,Petrol,1300 cc,Automatic
Daihatsu Mira X Memorial Edition,Karachi,2600000.0,2015,120000.0,Petrol,660 cc,Automatic
Toyota Aqua S,Karachi,3500000.0,2014,248857.0,Hybrid,1500 cc,Automatic
Toyota C-HR G Nero,Karachi,9800000.0,2020,29629.0,Hybrid,1800 cc,Automatic
Suzuki Swift DLX 1.3,Karachi,2030000.0,2016,97304.0,Petrol,1300 cc,Manual
Tesla Model 3 Standard Range Plus,Karachi,12000000.0,2021,15000.0,Electric,55.0 kWh,Automatic
Daihatsu Boon X SA 2,Karachi,4000000.0,2019,46610.0,Petrol,996 cc,Automatic
Toyota Tundra,Karachi,16000000.0,2018,58594.0,Petrol,5700 cc,Automatic
Suzuki Cultus EURO II,Karachi,1620000.0,2015,74000.0,Petrol,1000 cc,Manual
Honda Civic VTi Oriel Prosmatec 1.8 i-VTEC,Karachi,3225000.0,2013,89000.0,Petrol,1800 cc,Automatic
BMW 7 Series 745Li,Karachi,4000000.0,2004,90000.0,Petrol,4400 cc,Automatic
Daihatsu Mira G SA III,Karachi,3295000.0,2019,75900.0,Petrol,660 cc,Automatic
Toyota Corolla GLi Automatic 1.3 VVTi,Karachi,3950000.0,2020,66000.0,Petrol,1300 cc,Automatic
Suzuki Alto VXR,Karachi,2730000.0,2024,24515.0,Petrol,660 cc,Manual
KIA Picanto 1.0 AT,Karachi,3100000.0,2022,32000.0,Petrol,1000 cc,Automatic
Mitsubishi Minica,Karachi,969999.0,2011,128000.0,Petrol,660 cc,Automatic
Suzuki Swift GLX CVT,Karachi,4000000.0,2022,62000.0,Petrol,1200 cc,Automatic
KIA Sportage AWD,Karachi,7100000.0,2022,28000.0,Petrol,2000 cc,Automatic
Toyota Prius S Touring Selection,Karachi,7300000.0,2022,90000.0,Hybrid,1800 cc,Automatic
Toyota Corolla XLi VVTi,Karachi,2500000.0,2013,150000.0,Petrol,1300 cc,Manual
Suzuki Bolan VX Euro II,Karachi,800000.0,2013,68166.0,Petrol,800 cc,Manual
Toyota Prado TX L Package 2.7,Karachi,32500000.0,2021,11500.0,Petrol,2700 cc,Automatic
Suzuki Alto VXR,Karachi,790000.0,2008,70000.0,Petrol,1000 cc,Manual
Suzuki Cultus VXRi,Karachi,885000.0,2008,90000.0,Petrol,1000 cc,Manual
Toyota Raize Z,Karachi,6200000.0,2020,37000.0,Petrol,1000 cc,Automatic
Daihatsu Mira,Karachi,1400000.0,2006,150000.0,Petrol,660 cc,Automatic
Nissan Clipper,Karachi,3400000.0,2020,77000.0,Petrol,660 cc,Automatic
Toyota Corolla GLi 1.3 VVTi,Karachi,2820000.0,2011,92192.0,Petrol,1300 cc,Manual
Honda Civic VTi Oriel UG Prosmatec 1.6,Karachi,2350000.0,2006,171000.0,Petrol,1600 cc,Automatic
Honda Civic Reborn VTi Prosmatec 1.8 i-VTEC,Karachi,1950000.0,2007,119000.0,Petrol,1800 cc,Automatic
Nissan Clipper G Four,Karachi,2700000.0,2020,133000.0,Petrol,660 cc,Automatic
Daihatsu Mira X SA lll,Karachi,3625000.0,2022,61000.0,Petrol,660 cc,Automatic
Suzuki Alto VXR,Karachi,640000.0,2006,85000.0,Petrol,1000 cc,Manual
Honda City,Karachi,3954999.0,2019,64984.0,Petrol,1300 cc,Automatic
Toyota Tacoma TRD Sport,Karachi,16600000.0,2016,74750.0,Petrol,3500 cc,Automatic
Suzuki Cultus VXRi,Karachi,1235000.0,2012,70000.0,Petrol,1000 cc,Manual
Daihatsu Mira Custom X,Karachi,1500000.0,2007,23000.0,Petrol,660 cc,Automatic
Suzuki Swift DLX 1.3,Karachi,1920000.0,2015,94000.0,Petrol,1300 cc,Manual
Toyota Sienta,Karachi,6400000.0,2019,100000.0,Hybrid,1500 cc,Automatic
Nissan Dayz Highway Star G,Karachi,2300000.0,2015,97000.0,Petrol,660 cc,Automatic
Suzuki Mehran VXR,Karachi,275000.0,1991,3000.0,Petrol,800 cc,Manual
Toyota Raize Z,Karachi,6110000.0,2020,9385.0,Petrol,1000 cc,Automatic
Toyota Raize Z,Karachi,5790000.0,2021,85.0,Petrol,1000 cc,Automatic
Suzuki Khyber GA,Karachi,409000.0,1996,100000.0,Petrol,1000 cc,Manual
Nissan Clipper E,Karachi,1700000.0,2010,165000.0,Petrol,660 cc,Automatic
Toyota Corolla XLi VVTi,Karachi,3750000.0,2017,71000.0,Petrol,1300 cc,Manual
Toyota Corolla 9th (E120) Generation SE Saloon Automatic,Karachi,2400000.0,2002,255940.0,Petrol,1600 cc,Automatic
Honda City 5th (GM2) Generation 1.3 i-VTEC Prosmatec,Karachi,4029999.0,2021,49800.0,Petrol,1300 cc,Automatic
Nissan AD Van,Karachi,1400000.0,2006,123851.0,Petrol,1300 cc,Automatic
Nissan Sunny,Karachi,350000.0,1986,150000.0,Petrol,1300 cc,Manual
Suzuki Cultus VXRi,Karachi,1130000.0,2012,100000.0,Petrol,1000 cc,Manual
Suzuki Mehran VXR Euro II,Karachi,1350000.0,2018,65000.0,Petrol,800 cc,Manual
Toyota Prius L 1.8,Karachi,3900000.0,2013,115659.0,Hybrid,1800 cc,Automatic
KIA Sportage AWD,Karachi,6475000.0,2021,60000.0,Petrol,2000 cc,Automatic
BYD Atto 3 Advance,Karachi,9250000.0,2025,40.0,Electric,49.0 kWh,Automatic
Suzuki Bolan Cargo Van Euro ll,Karachi,1650000.0,2021,54500.0,Petrol,800 cc,Manual
Toyota Aqua S,Karachi,3020000.0,2012,168550.0,Hybrid,1500 cc,Automatic
Nissan Dayz Highway Star X,Karachi,3890000.0,2022,43000.0,Petrol,660 cc,Automatic
Toyota Corolla Altis CVT-i 1.8,Karachi,4350000.0,2016,105000.0,Petrol,1800 cc,Automatic
Suzuki Alto F,Karachi,2725000.0,2018,54000.0,Petrol,660 cc,Automatic
Daihatsu Mira L,Karachi,2810000.0,2017,77200.0,Petrol,660 cc,Automatic
Suzuki Mehran VXR Euro II,Karachi,1080000.0,2017,108300.0,Petrol,796 cc,Manual
Mazda Carol GL,Karachi,1770000.0,2014,20000.0,Petrol,660 cc,Automatic
Honda Civic Turbo 1.5 VTEC CVT,Karachi,4500000.0,2016,54387.0,Petrol,1500 cc,Automatic
Daihatsu Mira X SA lll,Karachi,3600000.0,2022,77000.0,Petrol,660 cc,Automatic
Toyota Corolla Altis Grande X CVT-i 1.8 Beige Interior,Karachi,6390000.0,2022,55000.0,Petrol,1800 cc,Automatic
Daihatsu Rocky G,Karachi,6050000.0,2020,56000.0,Petrol,1000 cc,Automatic
Toyota Raize Z,Karachi,6275000.0,2020,67000.0,Petrol,1000 cc,Automatic
Toyota Vitz U 1.0,Karachi,2350000.0,2009,89000.0,Petrol,1000 cc,Automatic
Daihatsu Mira Custom X,Karachi,1500000.0,2009,140000.0,Petrol,660 cc,Automatic
Honda Civic Oriel 1.8 i-VTEC CVT,Karachi,5250000.0,2019,57700.0,Petrol,1800 cc,Automatic
Suzuki Alto S Package,Karachi,3025000.0,2019,92000.0,Petrol,660 cc,Automatic
Daihatsu Mira L,Karachi,2200000.0,2013,99000.0,Petrol,660 cc,Automatic
KIA Picanto 1.0 AT,Karachi,2950000.0,2022,58000.0,Petrol,1000 cc,Automatic
Suzuki Alto VXL AGS,Karachi,3125000.0,2024,19.0,Petrol,660 cc,Automatic
Toyota C-HR G,Karachi,9400000.0,2019,27000.0,Hybrid,1800 cc,Automatic
Honda City 5th (GM2) Generation 1.3 i-VTEC Prosmatec,Karachi,3500000.0,2018,72000.0,Petrol,1300 cc,Automatic
Daihatsu Mira X SA lll,Karachi,4000000.0,2022,30000.0,Petrol,660 cc,Automatic
Audi e-tron 50 quattro 230 kW,Karachi,15200000.0,2021,30246.0,Electric,60.0 kWh,Automatic
Hyundai Santro Exec,Karachi,1000000.0,2005,25000.0,Petrol,1000 cc,Manual
Toyota Land Cruiser AX 3.5L,Karachi,53000000.0,2022,9264.0,Petrol,3500 cc,Automatic
Daihatsu Mira L,Karachi,3595000.0,2022,15800.0,Petrol,660 cc,Automatic
Toyota Yaris Sedan ATIV X CVT 1.5,Karachi,4725000.0,2022,38000.0,Petrol,1500 cc,Automatic
Honda Civic Rebirth VTi Oriel Prosmatec 1.8 i-VTEC,Karachi,3450000.0,2014,89800.0,Petrol,1800 cc,Automatic
Toyota Corolla Altis 1.6 X CVT-i Special Edition,Karachi,3700000.0,2016,118186.0,Petrol,1600 cc,Automatic
Changan Alsvin 1.3L MT Comfort,Karachi,3800000.0,2024,9518.0,Petrol,1300 cc,Manual
KIA Sportage FWD,Karachi,6200000.0,2020,58136.0,Petrol,2000 cc,Automatic
KIA Picanto 1.0 MT,Karachi,2350000.0,2022,97363.0,Petrol,1000 cc,Manual
Suzuki Wagon R VXL,Karachi,2800000.0,2021,35000.0,Petrol,1000 cc,Manual
Toyota Raize,Karachi,6300000.0,2021,50530.0,Petrol,1000 cc,Automatic
Honda City EXi S,Karachi,850000.0,2002,111222.0,Petrol,1300 cc,Manual
Toyota Corolla Altis Grande X CVT-i 1.8 Black Interior,Karachi,7000000.0,2022,15400.0,Petrol,1800 cc,Automatic
Daihatsu Mira L,Karachi,2275000.0,2014,130000.0,Petrol,660 cc,Automatic
Suzuki Cultus VXRi,Karachi,869999.0,2008,87590.0,Petrol,1000 cc,Manual
Honda N Wgn G,Karachi,2450000.0,2014,163835.0,Petrol,660 cc,Automatic
Suzuki Cultus VXR,Karachi,2650000.0,2019,107000.0,Petrol,1000 cc,Manual
Suzuki Alto VXL AGS,Karachi,3150000.0,2025,18000.0,Petrol,660 cc,Automatic
Mazda Scrum Wagon PX Turbo,Karachi,3150000.0,2020,100000.0,Petrol,660 cc,Automatic
Toyota Surf SSR-G 2.7,Karachi,3600000.0,1999,37000.0,Petrol,2700 cc,Automatic
Suzuki Hustler Hybrid G,Karachi,3900000.0,2024,8500.0,Hybrid,660 cc,Automatic
Toyota Corolla XLi VVTi,Karachi,1700000.0,2008,180000.0,Petrol,1300 cc,Manual
Hyundai Sonata 2.5,Karachi,9500000.0,2022,4400.0,Petrol,2500 cc,Automatic
KIA Picanto 1.0 AT,Karachi,2950000.0,2023,45516.0,Petrol,1000 cc,Automatic
Toyota Raize Z,Karachi,6050000.0,2021,71200.0,Petrol,1000 cc,Automatic
Daihatsu Taft G Turbo,Karachi,4400000.0,2022,31950.0,Petrol,660 cc,Automatic
Honda BR-V i-VTEC S,Karachi,4100000.0,2018,71000.0,Petrol,1500 cc,Automatic
Suzuki Cultus VXR,Karachi,720000.0,2006,69400.0,Petrol,1000 cc,Manual
Honda Vezel Hybrid Z,Karachi,3875000.0,2014,76500.0,Hybrid,1500 cc,Automatic
Suzuki Swift DLX Automatic 1.3,Karachi,2500000.0,2016,50000.0,Petrol,1300 cc,Automatic
Toyota Raize,Karachi,6150000.0,2021,24786.0,Petrol,1000 cc,Automatic
Nissan Leaf,Karachi,6700000.0,2021,19820.0,Electric,40.0 kWh,Automatic
Mercedes Benz C Class C200,Karachi,31000000.0,2021,11800.0,Petrol,1500 cc,Automatic
Toyota Hilux Vigo Champ G,Karachi,7500000.0,2013,139000.0,Diesel,2500 cc,Automatic
Nissan Leaf,Karachi,6900000.0,2021,30600.0,Electric,40.0 kWh,Automatic
Nissan Kicks XV Premium,Karachi,6650000.0,2020,30000.0,Petrol,1300 cc,Automatic
Toyota Passo,Karachi,4600000.0,2022,17045.0,Petrol,1000 cc,Automatic
Suzuki Alto VXR,Karachi,2275000.0,2021,52208.0,Petrol,660 cc,Manual
Daihatsu Mira X,Karachi,4150000.0,2021,13942.0,Petrol,660 cc,Automatic
Suzuki Cultus EURO II,Karachi,1485000.0,2014,106389.0,Petrol,1000 cc,Manual
Toyota Passo X Kutsurogi,Karachi,2195000.0,2012,87000.0,Petrol,1000 cc,Automatic
Toyota Prius S LED Edition 1.8,Karachi,4450000.0,2014,120000.0,Hybrid,1800 cc,Automatic
Toyota Hilux Revo V Automatic 2.8,Karachi,12800000.0,2022,48000.0,Diesel,2800 cc,Automatic
Toyota Sienta G,Karachi,5200000.0,2016,88000.0,Hybrid,1500 cc,Automatic
Suzuki Alto L,Karachi,2600000.0,2016,72609.0,Petrol,660 cc,Automatic
KIA Sportage AWD,Karachi,6900000.0,2020,53000.0,Petrol,2000 cc,Automatic
Toyota Raize G,Karachi,5375000.0,2020,44000.0,Petrol,1000 cc,Automatic
Suzuki Mehran VXR,Karachi,260000.0,1990,135000.0,Petrol,800 cc,Manual
Toyota Yaris Sedan,Karachi,5100000.0,2022,11300.0,Petrol,1500 cc,Automatic
Daihatsu Mira X SA lll,Karachi,2998000.0,2018,64000.0,Petrol,660 cc,Automatic
Daihatsu Cuore CX Eco,Karachi,985000.0,2009,63000.0,Petrol,800 cc,Manual
KIA Sportage FWD,Karachi,7265000.0,2022,34000.0,Petrol,2000 cc,Automatic
Toyota Raize 1.2L Z,Karachi,6300000.0,2025,31000.0,Petrol,1200 cc,Automatic
Daihatsu Cuore CX,Karachi,775000.0,2008,85000.0,Petrol,800 cc,Manual
Suzuki Cultus VXLi,Karachi,1250000.0,2011,57000.0,Petrol,1000 cc,Manual
Toyota Fortuner 2.7 VVTi,Karachi,6484999.0,2013,146000.0,Petrol,2700 cc,Automatic
Honda Civic Rebirth Oriel Prosmatec UG,Karachi,4100000.0,2013,65600.0,Petrol,1800 cc,Automatic
Mitsubishi Minicab,Karachi,1550000.0,2013,132000.0,Petrol,660 cc,Automatic
Toyota Raize Z,Karachi,4990000.0,2020,67950.0,Petrol,1000 cc,Automatic
Toyota Corolla GLi Automatic 1.3 VVTi,Karachi,3790000.0,2016,120000.0,Petrol,1300 cc,Automatic
BMW iX xDrive40,Karachi,29900000.0,2021,16200.0,Electric,7100.0 kWh,Automatic
Toyota Corolla Altis Grande CVT-i 1.8,Karachi,5000000.0,2018,134759.0,Petrol,1800 cc,Automatic
Toyota Prado TX Limited 3.0D,Karachi,6300000.0,1994,125000.0,Diesel,3000 cc,Automatic
Toyota Raize Z,Karachi,5550000.0,2020,26000.0,Petrol,1000 cc,Automatic
Honda Civic Turbo 1.5 VTEC CVT,Karachi,4490000.0,2016,80000.0,Petrol,1500 cc,Automatic
Honda City 5th (GM2) Generation 1.3 i-VTEC,Karachi,3200000.0,2018,169000.0,Petrol,1300 cc,Manual
Suzuki Alto VXR,Karachi,2750000.0,2024,27000.0,Petrol,660 cc,Manual
Toyota Corolla Cross 1.8 HEV X,Karachi,8850000.0,2025,8000.0,Hybrid,1800 cc,Automatic
Toyota Vitz F 1.0,Karachi,2550000.0,2013,104498.0,Petrol,1000 cc,Automatic
Suzuki Mehran VX,Karachi,529000.0,2011,100000.0,Petrol,800 cc,Manual
Toyota Yaris Hatchback G,Karachi,5400000.0,2022,13000.0,Petrol,1500 cc,Automatic
Honda Civic VTi 1.8 i-VTEC,Karachi,2895000.0,2015,77000.0,Petrol,1800 cc,Manual
KIA Sportage AWD,Karachi,7500000.0,2022,39000.0,Petrol,2000 cc,Automatic
Mazda Titan 1.5T,Karachi,3500000.0,2011,100000.0,Diesel,3000 cc,Manual
Toyota Yaris Sedan GLI CVT 1.3,Karachi,4000000.0,2021,90000.0,Petrol,1300 cc,Automatic
Suzuki Cultus VXRi,Karachi,830000.0,2007,10000.0,Petrol,1000 cc,Manual
Honda Civic 1.5 VTEC Turbo Oriel,Karachi,7400000.0,2022,50000.0,Petrol,1500 cc,Automatic
KIA Picanto 1.0 MT,Karachi,3500000.0,2024,60.0,Petrol,1000 cc,Manual
Suzuki Alto VXR (CNG),Karachi,830000.0,2007,206913.0,CNG,1000 cc,Manual
Honda Civic VTi Oriel Prosmatec 1.6,Karachi,1300000.0,2001,141000.0,Petrol,1600 cc,Automatic
KIA Classic LX,Karachi,350000.0,2001,180000.0,CNG,1323 cc,Manual
Toyota Corolla Altis Automatic 1.6,Karachi,5275000.0,2021,41000.0,Petrol,1600 cc,Automatic
Toyota Prado TZ 4.0,Karachi,17200000.0,2009,30033.0,Petrol,4000 cc,Automatic
Changan Alsvin 1.5L DCT Lumiere,Karachi,4670000.0,2025,7000.0,Petrol,1500 cc,Automatic
Suzuki Mehran VXR,Karachi,270000.0,1991,1000.0,Petrol,800 cc,Manual
Suzuki Mehran VXR Euro II,Karachi,1220000.0,2017,90000.0,Petrol,796 cc,Manual
Toyota Raize Z,Karachi,5750000.0,2020,35000.0,Petrol,1000 cc,Automatic
Suzuki Cultus VXRi,Karachi,1090000.0,2011,2286.0,Petrol,1000 cc,Manual
Honda Civic Oriel 1.8 i-VTEC CVT,Karachi,5375000.0,2019,51000.0,Petrol,1800 cc,Automatic
Toyota Corolla Altis 1.6 X CVT-i,Karachi,6175000.0,2023,13000.0,Petrol,1600 cc,Automatic
Suzuki Cultus VXR,Karachi,775000.0,2007,75000.0,Petrol,1000 cc,Manual
Toyota Corolla GLi 1.3 VVTi,Karachi,3750000.0,2018,136000.0,Petrol,1300 cc,Manual
Suzuki Alto VXR,Karachi,1100000.0,2009,98000.0,Petrol,1000 cc,Manual
Daihatsu Mira ES,Karachi,2500000.0,2015,88200.0,Petrol,660 cc,Automatic
Toyota Corolla GLi 1.3 VVTi,Karachi,3350000.0,2015,200000.0,Petrol,1300 cc,Manual
Suzuki Alto VXL AGS,Karachi,2850000.0,2022,28000.0,Petrol,660 cc,Automatic
Toyota Raize,Karachi,6650000.0,2021,10393.0,Petrol,1000 cc,Automatic
Toyota Corolla Altis Grande X CVT-i 1.8 Black Interior,Karachi,7475000.0,2024,26000.0,Petrol,1800 cc,Automatic
Toyota Raize Z,Karachi,5750000.0,2020,21202.0,Petrol,1000 cc,Automatic
Toyota Corolla Altis 1.6 X CVT-i,Karachi,6150000.0,2023,34000.0,Petrol,1600 cc,Automatic
Honda City 5th (GM2) Generation 1.3 i-VTEC,Karachi,2650000.0,2013,175000.0,Petrol,1300 cc,Manual
Honda City i-DSI,Karachi,1310000.0,2004,250000.0,Petrol,1300 cc,Manual
Suzuki Khyber GA,Karachi,370000.0,1997,90000.0,Petrol,1000 cc,Manual
Toyota Corolla Altis Cruisetronic 1.8,Karachi,2580000.0,2010,126000.0,Petrol,1800 cc,Automatic
Toyota Aqua S,Karachi,3885000.0,2015,105000.0,Hybrid,1500 cc,Automatic
Toyota Corolla Altis X Automatic 1.6,Karachi,5500000.0,2022,57000.0,Petrol,1598 cc,Automatic
Toyota Corolla GLi 1.3 VVTi,Karachi,2800000.0,2011,179360.0,Petrol,1300 cc,Manual
Toyota Raize Z,Karachi,6300000.0,2021,40000.0,Petrol,1000 cc,Automatic
Toyota Hilux Revo V Automatic 2.8,Karachi,10500000.0,2020,51000.0,Diesel,2800 cc,Automatic
Nissan Dayz Highway Star S hybrid X pro pilot,Karachi,3700000.0,2022,89507.0,Hybrid,660 cc,Automatic
Suzuki Bolan,Karachi,330000.0,1980,5000.0,Petrol,800 cc,Manual
Suzuki Alto VXR,Karachi,2350000.0,2019,47000.0,Petrol,660 cc,Manual
Suzuki Swift DLX Automatic 1.3,Karachi,2350000.0,2015,55000.0,Petrol,1300 cc,Automatic
Toyota Yaris Hatchback G 1.0,Karachi,4250000.0,2024,76000.0,Petrol,1000 cc,Automatic
Daihatsu Cuore CX,Karachi,869999.0,2009,98000.0,Petrol,800 cc,Manual
Honda Civic 1.8 i-VTEC CVT,Karachi,4880000.0,2017,52000.0,Petrol,1800 cc,Automatic
Suzuki Cultus VXR,Karachi,2525000.0,2019,70000.0,Petrol,1000 cc,Manual
Honda Civic Reborn MX (Hybrid),Karachi,2650000.0,2008,125000.0,Hybrid,1300 cc,Automatic
Toyota Corolla XLi VVTi,Karachi,3100000.0,2015,66000.0,Petrol,1300 cc,Manual
Mazda Carol GX,Karachi,3625000.0,2022,27842.0,Petrol,660 cc,Automatic
Toyota Vitz F 1.0,Karachi,2500000.0,2009,114000.0,Petrol,1000 cc,Automatic
Suzuki Alto VXR,Karachi,2300000.0,2021,61000.0,Petrol,660 cc,Manual
Toyota Aqua S,Karachi,3195000.0,2014,100000.0,Hybrid,1500 cc,Automatic
Nissan Dayz J,Karachi,2295000.0,2016,80000.0,Petrol,660 cc,Automatic
Toyota Corolla Altis SR Cruisetronic 1.6,Karachi,3700000.0,2012,79000.0,Petrol,1600 cc,Automatic
Suzuki Alto VX,Karachi,550000.0,2001,50000.0,Petrol,1000 cc,Manual
Honda Civic VTi Oriel 1.6,Karachi,1110000.0,2002,210000.0,Petrol,1600 cc,Manual
Suzuki Alto,Karachi,1019000.0,2009,190000.0,Petrol,1000 cc,Manual
KIA Stonic EX+,Karachi,5050000.0,2022,29339.0,Petrol,1400 cc,Automatic
Daihatsu Mira X Memorial Edition,Karachi,2490000.0,2014,125000.0,Petrol,660 cc,Automatic
Suzuki Alto VXR,Karachi,1025000.0,2010,90000.0,Petrol,1000 cc,Manual
Toyota Vitz F 1.0,Karachi,2135000.0,2008,102500.0,Petrol,1000 cc,Automatic
Suzuki Wagon R FX,Karachi,2075000.0,2014,96000.0,Petrol,660 cc,Automatic
Toyota Hilux Revo Rocco,Karachi,13600000.0,2022,24000.0,Diesel,2800 cc,Automatic
Suzuki Alto Hybrid X,Karachi,3625000.0,2022,27842.0,Hybrid,660 cc,Automatic
Suzuki Mehran VX Euro II,Karachi,1300000.0,2017,31865.0,Petrol,796 cc,Manual
Honda BR-V i-VTEC S,Karachi,4650000.0,2020,26941.0,Petrol,1500 cc,Automatic
Suzuki Cultus VXL,Karachi,725000.0,2006,100000.0,Petrol,1000 cc,Manual
Changan Alsvin 1.5L DCT Lumiere,Karachi,3495000.0,2022,45650.0,Petrol,1500 cc,Automatic
Toyota Corolla GLi Automatic 1.3 VVTi,Karachi,4150000.0,2018,52000.0,Petrol,1300 cc,Automatic
KIA Sorento 2.4 AWD,Karachi,8150000.0,2022,29222.0,Petrol,2400 cc,Automatic
Honda Civic 1.5 VTEC Turbo Oriel,Karachi,7590000.0,2022,16383.0,Petrol,1500 cc,Automatic
Toyota Raize Z,Karachi,6300000.0,2020,30102.0,Petrol,1000 cc,Automatic
Toyota Hilux Revo V Automatic 3.0,Karachi,8800000.0,2017,82000.0,Diesel,3000 cc,Automatic
Honda BR-V i-VTEC MT,Karachi,4004999.0,2019,72876.0,Petrol,1500 cc,Manual
Suzuki Alto VXR,Karachi,1250000.0,2011,109000.0,Petrol,1000 cc,Manual
Proton X70 Premium FWD,Karachi,6000000.0,2022,50000.0,Petrol,1500 cc,Automatic
Suzuki Hustler Hybrid G,Karachi,4375000.0,2023,2433.0,Hybrid,660 cc,Automatic
Changan Oshan X7 Comfort,Karachi,7600000.0,2024,27000.0,Petrol,1500 cc,Automatic
Toyota Vitz F 1.0,Karachi,2080000.0,2009,166538.0,Petrol,1000 cc,Automatic
Honda Life Comfort Special,Karachi,1350000.0,2007,500.0,Petrol,660 cc,Automatic
Daihatsu Mira G SA III,Karachi,4150000.0,2021,15242.0,Petrol,660 cc,Automatic
Toyota Passo X V Package,Karachi,2640000.0,2015,87000.0,Petrol,1000 cc,Automatic
Toyota Tacoma,Karachi,21000000.0,2018,30000.0,Petrol,3500 cc,Automatic
Toyota Yaris Sedan ATIV CVT 1.3,Karachi,4350000.0,2022,50653.0,Petrol,1300 cc,Automatic
Peugeot Allure,Karachi,7100000.0,2025,1150.0,Petrol,1200 cc,Automatic
Suzuki Cultus VXR,Karachi,680000.0,2005,110000.0,Petrol,1000 cc,Manual
Suzuki Wagon R VXL,Karachi,2185000.0,2017,180000.0,Petrol,1000 cc,Manual
Nissan Leaf EV,Karachi,6700000.0,2021,15219.0,Electric,40.0 kWh,Automatic
Honda City 5th (GM2) Generation 1.3 i-VTEC Prosmatec,Karachi,3679999.0,2016,34040.0,Petrol,1300 cc,Automatic
Honda Civic Oriel 1.8 i-VTEC CVT,Karachi,4500000.0,2017,65000.0,Petrol,1800 cc,Automatic
Toyota Hilux Revo V Automatic 2.8,Karachi,9675000.0,2019,57000.0,Diesel,2800 cc,Automatic
Toyota Corolla XLi VVTi,Karachi,2150000.0,2011,132500.0,Petrol,1300 cc,Manual
Hyundai Santa Fe Signature,Karachi,15500000.0,2024,1205.0,Hybrid,1600 cc,Automatic
Suzuki Alto VXR,Karachi,1019999.0,2009,190000.0,Petrol,1000 cc,Manual
Honda Civic VTi Oriel Prosmatec 1.8 i-VTEC,Karachi,2675000.0,2012,78000.0,Petrol,1800 cc,Automatic
Toyota Prius G Touring Selection Leather Package 1.8,Karachi,3550000.0,2011,195000.0,Hybrid,1800 cc,Automatic
Suzuki Alto VXR,Karachi,1200000.0,2012,150000.0,Petrol,1000 cc,Manual
Suzuki Mehran VX (CNG),Karachi,415000.0,1997,121211.0,Petrol,800 cc,Manual
Suzuki Alto VXL AGS,Karachi,2500000.0,2020,55271.0,Petrol,660 cc,Automatic
Toyota Corolla GLi Automatic 1.3 VVTi,Karachi,4129999.0,2019,90490.0,Petrol,1300 cc,Automatic
Suzuki Swift DLX 1.3 Navigation,Karachi,2525000.0,2019,63000.0,Petrol,1300 cc,Manual
Toyota Corolla 9th (E120) Generation Altis 1.8,Karachi,1950000.0,2005,135000.0,Petrol,1800 cc,Manual
Toyota Sienta,Karachi,5600000.0,2018,86616.0,Hybrid,1500 cc,Automatic
Suzuki Cultus Auto Gear Shift,Karachi,2925000.0,2018,47510.0,Petrol,1000 cc,Automatic
Suzuki Wagon R VXR,Karachi,2075000.0,2016,52183.0,Petrol,1000 cc,Manual
Suzuki Wagon R Stingray T,Karachi,3300000.0,2017,27245.0,Petrol,660 cc,Automatic
Toyota Prado TX L Package 2.7,Karachi,32599999.0,2021,17144.0,Petrol,2700 cc,Automatic
Honda Civic 7th Generation (Facelift) EXi Prosmatec,Karachi,1600000.0,2005,265625.0,Petrol,1500 cc,Automatic
Suzuki Mehran VXR (CNG),Karachi,700000.0,2010,70760.0,Petrol,800 cc,Manual
Toyota Land Cruiser AX G Selection,Karachi,22599999.0,2008,95000.0,Petrol,4608 cc,Automatic
Honda BR-V i-VTEC S,Karachi,5150000.0,2022,61608.0,Petrol,1500 cc,Automatic
Mercedes Benz C Class C240,Karachi,3125000.0,2001,87000.0,Petrol,2398 cc,Automatic
Mercedes Benz E Class E 180 AMG,Karachi,29000000.0,2021,70000.0,Petrol,1500 cc,Automatic
Suzuki Bolan VX (CNG),Karachi,750000.0,2005,94000.0,CNG,800 cc,Manual
Suzuki Cultus Limited Edition,Karachi,1550000.0,2016,83835.0,Petrol,1000 cc,Manual
MG HS,Karachi,6300000.0,2021,22800.0,Petrol,1500 cc,Automatic
Toyota Passo,Karachi,2039999.0,2008,160000.0,Petrol,1000 cc,Automatic
Suzuki Cultus VXR,Karachi,3200000.0,2021,17100.0,Petrol,1000 cc,Manual
Toyota Prius G Touring Selection 1.8,Karachi,3500000.0,2011,111292.0,Hybrid,1800 cc,Automatic
Daihatsu Mira L,Karachi,2450000.0,2016,115610.0,Petrol,660 cc,Automatic
Honda Civic Oriel 1.8 i-VTEC CVT,Karachi,4500000.0,2016,160894.0,Petrol,1800 cc,Automatic
Toyota C-HR G-LED,Karachi,7000000.0,2018,115129.0,Hybrid,1800 cc,Automatic
Honda Vezel Hybrid Z,Karachi,8000000.0,2019,48000.0,Hybrid,1500 cc,Automatic
Toyota Hilux Revo Rocco,Karachi,13899999.0,2023,23500.0,Diesel,2800 cc,Automatic
Suzuki Wagon R VXL,Karachi,2064999.0,2017,47000.0,Petrol,1000 cc,Manual
Toyota Aqua G LED Soft Leather Selection,Karachi,3500000.0,2014,85000.0,Hybrid,1500 cc,Automatic
FAW V2 VCT-i,Karachi,1325000.0,2018,68000.0,Petrol,1300 cc,Manual
Suzuki Cultus VXL,Karachi,2575000.0,2019,51000.0,Petrol,1000 cc,Manual
Toyota Passo G 1.0,Karachi,1825000.0,2009,79000.0,Petrol,1000 cc,Automatic
Toyota Corolla Altis 1.8,Karachi,2000000.0,2005,117036.0,Petrol,1800 cc,Manual
Honda Civic 5th Generation EX,Karachi,900000.0,1995,100000.0,Petrol,1500 cc,Manual
Honda Vezel Hybrid RS Honda Sensing,Karachi,6200000.0,2017,88896.0,Hybrid,1500 cc,Automatic
Suzuki Swift DLX 1.3 Navigation,Karachi,2375000.0,2018,68650.0,Petrol,1300 cc,Manual
Toyota Platz F 1.0,Karachi,1450000.0,2002,185000.0,Petrol,1000 cc,Automatic
Mercedes Benz C Class C180 Avantgarde,Karachi,13799999.0,2016,14700.0,Petrol,1600 cc,Automatic
Suzuki Cultus VXR,Karachi,3050000.0,2021,3932.0,Petrol,1000 cc,Manual
KIA Sportage AWD,Karachi,6550000.0,2020,47000.0,Petrol,2000 cc,Automatic
Honda Civic 5th Generation EX,Karachi,750000.0,1995,128000.0,Petrol,1500 cc,Manual
Suzuki FX GA,Karachi,155000.0,1987,10000.0,Petrol,800 cc,Manual
Toyota Prado TX L Package 2.7,Karachi,20500000.0,2016,85171.0,Petrol,2700 cc,Automatic
Suzuki Mehran VXR,Karachi,340000.0,1995,80000.0,Petrol,800 cc,Manual
KIA Sportage FWD,Karachi,6590000.0,2022,53000.0,Petrol,2000 cc,Automatic
Toyota Corolla GLi 1.3 VVTi,Karachi,3950000.0,2019,80000.0,Petrol,1300 cc,Manual
Toyota Yaris Sedan ATIV CVT 1.3,Karachi,5400000.0,2023,100.0,Petrol,1300 cc,Automatic
Suzuki Swift DLX 1.3 Navigation,Karachi,2600000.0,2018,52622.0,Petrol,1300 cc,Manual
Suzuki Ciaz Automatic,Karachi,2800000.0,2018,117325.0,Petrol,1400 cc,Automatic
Toyota Vitz F 1.0,Karachi,2800000.0,2014,82000.0,Petrol,1000 cc,Automatic
Suzuki Cultus VXL,Karachi,950000.0,2007,75000.0,Petrol,1000 cc,Manual
Toyota Hilux Revo Rocco,Karachi,13500000.0,2022,46114.0,Diesel,2800 cc,Automatic
Suzuki Cultus VXR,Karachi,950000.0,2007,42782.0,Petrol,1000 cc,Manual
Honda City 5th (GM2) Generation 1.3 i-VTEC Prosmatec,Karachi,3795000.0,2021,23310.0,Petrol,1300 cc,Automatic
Honda CR-Z,Karachi,3100000.0,2011,80000.0,Hybrid,1500 cc,Manual
Toyota Prius S 1.5,Karachi,3150000.0,2011,125764.0,Hybrid,1500 cc,Automatic
Mazda Flair XG,Karachi,2039000.0,2018,57000.0,Petrol,660 cc,Automatic
Toyota Yaris Hatchback G,Karachi,5475000.0,2022,17000.0,Petrol,1500 cc,Automatic
Honda City 5th (GM2) Generation 1.3 i-VTEC,Karachi,2150000.0,2009,250000.0,Petrol,1300 cc,Manual
Daihatsu Cuore CX Ecomatic,Karachi,750000.0,2005,111111.0,Petrol,800 cc,Automatic
Daihatsu Mira X SA lll,Karachi,3525000.0,2022,57000.0,Petrol,660 cc,Automatic
Toyota Sienta,Karachi,4650000.0,2018,146000.0,Hybrid,1500 cc,Automatic
Hyundai Tucson AWD A/T Ultimate,Karachi,7100000.0,2022,39000.0,Petrol,2000 cc,Automatic
Suzuki Wagon R Stingray Limited,Karachi,1850000.0,2011,126500.0,Petrol,660 cc,Automatic
Suzuki Wagon R FX Limited,Karachi,1750000.0,2010,105000.0,Petrol,660 cc,Automatic
Toyota Yaris Hatchback X,Karachi,4100000.0,2022,13981.0,Petrol,1000 cc,Automatic
Toyota Corolla Altis Grande CVT-i 1.8,Karachi,4790000.0,2017,28667.0,Petrol,1800 cc,Automatic
Toyota Corolla GLi 1.3 VVTi,Karachi,3000000.0,2015,131320.0,Petrol,1300 cc,Manual
Toyota Corolla XLi VVTi,Karachi,1850000.0,2009,150000.0,Petrol,1300 cc,Manual
Daihatsu Mira L SA III,Karachi,3400000.0,2021,14000.0,Petrol,660 cc,Automatic
Toyota Wish,Karachi,2850000.0,2006,280000.0,Petrol,1800 cc,Manual
Toyota Corolla GLi 1.3 VVTi,Karachi,2400000.0,2012,300000.0,Petrol,1300 cc,Manual
Toyota Yaris Sedan ATIV X CVT 1.5,Karachi,4400000.0,2021,49500.0,Petrol,1500 cc,Automatic
Suzuki Alto VXR,Karachi,800000.0,2007,82000.0,Petrol,1000 cc,Manual
Toyota Yaris Hatchback X,Karachi,4000000.0,2020,73000.0,Petrol,1000 cc,Automatic
Daihatsu Cuore CL,Karachi,830000.0,2007,118000.0,Petrol,800 cc,Automatic
Honda City 5th (GM2) Generation 1.3 i-VTEC Prosmatec,Karachi,3340000.0,2018,75000.0,Petrol,1300 cc,Automatic
Honda Accord EX,Karachi,785000.0,1994,100000.0,Petrol,1800 cc,Manual
Suzuki Alto VXR (CNG),Karachi,950000.0,2012,132439.0,CNG,1000 cc,Manual
Suzuki Spacia Gear Hybrid XZ,Karachi,3500000.0,2023,6350.0,Hybrid,660 cc,Automatic
Toyota Corolla Altis Grande CVT-i 1.8,Karachi,4900000.0,2019,102000.0,Petrol,1800 cc,Automatic
Toyota Corolla Altis Grande X CVT-i 1.8 Black Interior,Karachi,7800000.0,2022,22000.0,Petrol,1800 cc,Automatic
Changan Oshan X7 FutureSense,Karachi,7900000.0,2023,29707.0,Petrol,1500 cc,Automatic
Toyota Platz F 1.3,Karachi,1500000.0,2002,236889.0,Petrol,1300 cc,Automatic
Mitsubishi Lancer GLX Automatic 1.6,Karachi,2000000.0,2007,118000.0,Petrol,1600 cc,Automatic
Toyota Passo X L Package,Karachi,3875000.0,2022,92000.0,Petrol,1000 cc,Automatic
Suzuki Alto VXR,Karachi,2425000.0,2022,27000.0,Petrol,660 cc,Manual
Suzuki Cultus VXR,Karachi,1000000.0,2007,100000.0,Petrol,1000 cc,Manual
Honda City 5th (GM2) Generation 1.5 i-VTEC Prosmatec,Karachi,3700000.0,2019,56000.0,Petrol,1500 cc,Automatic
Toyota Corolla 8th (E110) Generation XE,Karachi,1600000.0,1999,75000.0,Petrol,1300 cc,Manual
Toyota Passo X,Karachi,2500000.0,2015,92385.0,Petrol,1000 cc,Automatic
Changan Karvaan Plus,Karachi,1800000.0,2020,124933.0,Petrol,1000 cc,Manual
Toyota Prado TX Limited 2.7,Karachi,31000000.0,2021,29000.0,Petrol,2700 cc,Automatic
Suzuki Mehran VXR,Karachi,300000.0,1998,15000.0,Petrol,800 cc,Manual
Toyota Vitz B Intelligent Package 1.0,Karachi,2250000.0,2007,106000.0,Petrol,1000 cc,Automatic
Toyota Corolla Altis Automatic 1.6,Karachi,3700000.0,2017,113000.0,Petrol,1600 cc,Automatic
Toyota Prado TX L Package 2.7,Karachi,28100000.0,2020,45000.0,Petrol,2700 cc,Automatic
Mercedes Benz E Class E200,Karachi,9000000.0,2012,75000.0,Petrol,1800 cc,Automatic
Nissan Dayz Highway Star X,Karachi,4100000.0,2022,32328.0,Petrol,660 cc,Automatic
Nissan Clipper DX,Karachi,2200000.0,2017,80000.0,Petrol,660 cc,Automatic
Suzuki Every Wagon JP Turbo Limited,Karachi,1800000.0,2014,94000.0,Petrol,660 cc,Automatic
Suzuki Cultus VXL,Karachi,940000.0,2006,68000.0,Petrol,1000 cc,Manual
Toyota Vitz Jewela Smart Stop Package 1.0,Karachi,3200000.0,2014,83544.0,Hybrid,1000 cc,Automatic
MG HS Trophy,Karachi,6150000.0,2021,49105.0,Petrol,1500 cc,Automatic
Honda N Wgn G,Karachi,2350000.0,2015,96960.0,Petrol,660 cc,Automatic
Toyota Corolla Altis CVT-i 1.8,Karachi,4500000.0,2017,71000.0,Petrol,1800 cc,Automatic
Suzuki Alto VXR (CNG),Karachi,700000.0,2007,191557.0,CNG,1000 cc,Manual
Subaru Pleo Plus,Karachi,1950000.0,2012,173650.0,Petrol,660 cc,Automatic
Suzuki Cultus Limited Edition,Karachi,1600000.0,2016,80000.0,Petrol,1000 cc,Manual
Toyota Yaris Sedan ATIV X CVT 1.5,Karachi,4165000.0,2020,43000.0,Petrol,1500 cc,Automatic
Toyota Corolla Altis Grande 1.8,Karachi,6275000.0,2020,44046.0,Petrol,1800 cc,Manual
Honda Civic 7th Generation (Facelift) EXi Prosmatec,Karachi,1689999.0,2004,234373.0,Petrol,1500 cc,Automatic
Changan Alsvin 1.5L DCT Lumiere,Karachi,3550000.0,2021,47000.0,Petrol,1500 cc,Automatic
Daihatsu Mira L,Karachi,3500000.0,2022,16000.0,Petrol,660 cc,Automatic
Haval H6 HEV,Karachi,11200000.0,2023,22440.0,Hybrid,1500 cc,Automatic
Daihatsu Mira X SA lll,Karachi,4050000.0,2023,8500.0,Petrol,660 cc,Automatic
Toyota Corolla Altis 1.6 X CVT-i Special Edition,Karachi,6100000.0,2022,18684.0,Petrol,1600 cc,Automatic
Suzuki Cultus Auto Gear Shift,Karachi,3600000.0,2023,51258.0,Petrol,1000 cc,Automatic
Suzuki Cultus VXRi,Karachi,1080000.0,2011,55000.0,Petrol,1000 cc,Manual
Toyota Passo G F Package,Karachi,1595000.0,2007,75000.0,Petrol,1000 cc,Automatic
Toyota Yaris Sedan ATIV CVT 1.3,Karachi,4150000.0,2022,69000.0,Petrol,1300 cc,Automatic
Suzuki Swift DLX 1.3 Navigation,Karachi,2180000.0,2017,89000.0,Petrol,1300 cc,Manual
Hyundai Tucson AWD A/T Ultimate,Karachi,8250000.0,2023,48000.0,Petrol,2000 cc,Automatic
Suzuki Cultus VXRi,Karachi,1250000.0,2011,69560.0,Petrol,1000 cc,Manual
Lexus CT200h,Karachi,4950000.0,2011,94000.0,Hybrid,1800 cc,Automatic
KIA Stonic EX+,Karachi,5085000.0,2023,34000.0,Petrol,1400 cc,Automatic
Toyota Vitz F 1.0,Karachi,2400000.0,2012,132077.0,Petrol,1000 cc,Automatic
MG HS Trophy,Karachi,5790000.0,2021,41000.0,Petrol,1500 cc,Automatic
Toyota Passo Moda S,Karachi,3400000.0,2018,82763.0,Petrol,1000 cc,Automatic
Honda Civic Oriel 1.8 i-VTEC CVT,Karachi,4900000.0,2018,54815.0,Petrol,1800 cc,Automatic
Honda Civic Oriel 1.8 i-VTEC CVT,Karachi,6350000.0,2021,38082.0,Petrol,1800 cc,Automatic
Toyota Vitz B 1.0,Karachi,2000000.0,2007,156414.0,Petrol,1000 cc,Automatic
KIA Sportage AWD,Karachi,8700000.0,2025,3372.0,Petrol,2000 cc,Automatic
Suzuki Wagon R VXR,Karachi,1789999.0,2018,101654.0,Petrol,1000 cc,Manual
Mitsubishi EK Custom G,Karachi,2100000.0,2015,63072.0,Petrol,660 cc,Automatic
Toyota Corolla Altis Grande X CVT-i 1.8 Black Interior,Karachi,7750000.0,2023,2760.0,Petrol,1800 cc,Automatic
Toyota Corolla Altis Grande X CVT-i 1.8 Black Interior,Karachi,6950000.0,2023,32000.0,Petrol,1800 cc,Automatic
Suzuki Cultus VXL (CNG),Karachi,650000.0,2005,120000.0,LPG,1000 cc,Manual
Toyota Corolla GLi 1.3 VVTi,Karachi,2200000.0,2009,321129.0,Petrol,1300 cc,Manual
Chevrolet Joy,Karachi,380000.0,2006,1999.0,Petrol,800 cc,Manual
Haval H6 1.5T,Karachi,9700000.0,2025,4821.0,Petrol,1500 cc,Automatic
Honda Civic 7th Generation (Facelift) EXi Prosmatec,Karachi,1700000.0,2005,98000.0,Petrol,1500 cc,Automatic
Daihatsu Mira X SA lll,Karachi,3975000.0,2023,7200.0,Petrol,660 cc,Automatic
Toyota Passo X,Karachi,1739000.0,2007,1.0,Petrol,1000 cc,Automatic
Mercedes Benz E Class,Karachi,4700000.0,2005,66000.0,Petrol,1800 cc,Automatic
KIA Sportage FWD,Karachi,6200000.0,2020,63591.0,Petrol,2000 cc,Automatic
Suzuki Alto L,Karachi,3200000.0,2021,22000.0,Petrol,660 cc,Automatic
Suzuki Cultus VXR,Karachi,800000.0,2007,98296.0,Petrol,1000 cc,Manual
Peugeot Active,Karachi,5000000.0,2023,34800.0,Petrol,1200 cc,Automatic
Toyota Aqua,Karachi,6100000.0,2025,20000.0,Hybrid,1500 cc,Automatic
Suzuki Alto L Upgrade,Karachi,3350000.0,2022,51452.0,Petrol,660 cc,Automatic
Honda Civic 6th Generation EXi,Karachi,1250000.0,1998,120.0,Petrol,1500 cc,Manual
Toyota Corolla Altis X Automatic 1.6,Karachi,5750000.0,2022,35328.0,Petrol,1598 cc,Automatic
Toyota Pixis Epoch L,Karachi,2050000.0,2012,103000.0,Petrol,660 cc,Automatic
Honda Civic 7th Generation (Facelift) EXi,Karachi,1475000.0,2005,120000.0,Petrol,1500 cc,Manual
Honda Civic VTi Oriel Prosmatec 1.8 i-VTEC,Karachi,2400000.0,2010,100000.0,Petrol,1800 cc,Automatic
Toyota Vitz F 1.0,Karachi,2500000.0,2013,88000.0,Petrol,1000 cc,Automatic
Daihatsu Mira X,Karachi,2500000.0,2014,72700.0,Petrol,660 cc,Automatic
Suzuki Cultus VXL,Karachi,2100000.0,2017,72000.0,Petrol,1000 cc,Manual
Toyota Corolla GLi Limited Edition 1.3 VVTi,Karachi,4000000.0,2014,62000.0,Petrol,1300 cc,Manual
Suzuki Swift GLX CVT,Karachi,4400000.0,2022,30000.0,Petrol,1200 cc,Automatic
KIA Sportage AWD,Karachi,8680000.0,2024,3899.0,Petrol,2000 cc,Automatic
Suzuki Alto VXR,Karachi,2250000.0,2020,12340.0,Petrol,660 cc,Manual
MG HS,Karachi,6300000.0,2021,40536.0,Petrol,1500 cc,Automatic
Toyota Hilux Revo V Automatic 3.0,Karachi,9000000.0,2017,96260.0,Diesel,3000 cc,Automatic
Toyota Corolla Altis Grande CVT-i 1.8,Karachi,4450000.0,2016,97000.0,Petrol,1800 cc,Automatic
Suzuki Alto VXR,Karachi,1375000.0,2008,105000.0,Petrol,1000 cc,Manual
Daihatsu Hijet Cruise,Karachi,1680000.0,2013,98000.0,Petrol,660 cc,Automatic
Suzuki Cultus VXR,Karachi,3075000.0,2021,58142.0,Petrol,1000 cc,Manual
Suzuki Mehran VX Euro II,Karachi,1220000.0,2017,80000.0,Petrol,796 cc,Manual
Suzuki Bolan VX,Karachi,600000.0,2006,10000.0,Petrol,800 cc,Manual
Honda City i-DSI Vario,Karachi,2025000.0,2007,200000.0,Petrol,1300 cc,Automatic
Peugeot Active,Karachi,5700000.0,2023,45000.0,Petrol,1200 cc,Automatic
Suzuki Cultus EURO II,Karachi,1420000.0,2012,70000.0,Petrol,1000 cc,Manual
Nissan Dayz Highway Star X ProPilot,Karachi,3870000.0,2022,50000.0,Hybrid,660 cc,Automatic
Toyota Corolla XLi VVTi,Karachi,3200000.0,2017,96612.0,Petrol,1300 cc,Manual
Toyota C-HR G-LED,Karachi,6600000.0,2018,61195.0,Hybrid,1800 cc,Automatic
Daihatsu Charade CL,Karachi,390000.0,1984,55000.0,Diesel,1000 cc,Manual
Volkswagen Up,Karachi,2095000.0,2012,83000.0,Petrol,1000 cc,Automatic
Toyota Prado TX L Package 2.7,Karachi,27900000.0,2020,35300.0,Petrol,2700 cc,Automatic
Suzuki Alto VXL AGS,Karachi,2775000.0,2022,32000.0,Petrol,660 cc,Automatic
Toyota Aqua S,Karachi,3650000.0,2015,68500.0,Hybrid,1500 cc,Automatic
Toyota Corolla GLi Automatic 1.3 VVTi,Karachi,4250000.0,2019,89212.0,Petrol,1300 cc,Automatic
Toyota Prado TX 2.8 D AT,Karachi,28200000.0,2020,35000.0,Diesel,2800 cc,Automatic
Suzuki Alto VXR,Karachi,2380000.0,2022,65000.0,Petrol,660 cc,Manual
Suzuki Bolan VX Euro II,Karachi,1800000.0,2020,21000.0,Petrol,800 cc,Manual
Nissan Sunny,Karachi,635000.0,1993,350000.0,Petrol,1300 cc,Manual
Toyota Pixis Epoch G,Karachi,3750000.0,2020,36000.0,Petrol,660 cc,Automatic
Toyota Corolla GLi 1.3 VVTi,Karachi,3550000.0,2013,70084.0,Petrol,1300 cc,Manual
Toyota Raize Z,Karachi,6498999.0,2021,29000.0,Petrol,1000 cc,Automatic
Honda City 5th (GM2) Generation 1.3 i-VTEC,Karachi,3050000.0,2018,70000.0,Petrol,1300 cc,Manual
Toyota Hilux Revo V Automatic 3.0,Karachi,8500000.0,2017,84000.0,Diesel,3000 cc,Automatic
Hyundai Excel,Karachi,450000.0,1996,150000.0,LPG,1500 cc,Manual
Honda Civic VTi Automatic 1.6,Karachi,1490000.0,1999,217000.0,Petrol,1600 cc,Automatic
Honda City 1.2L CVT,Karachi,4125000.0,2022,85482.0,Petrol,1200 cc,Automatic
Daihatsu Cast Style X SA III,Karachi,3850000.0,2022,20000.0,Petrol,660 cc,Automatic
Changan Karvaan Base Model 1.0,Karachi,2150000.0,2020,125000.0,Petrol,1000 cc,Manual
Toyota Harrier Hybrid Premium Advanced Package,Karachi,7000000.0,2011,90000.0,Hybrid,2500 cc,Automatic
Suzuki Cultus,Karachi,1520000.0,2011,50000.0,Petrol,1000 cc,Manual
Toyota Fortuner Legender,Karachi,17400000.0,2022,41000.0,Diesel,2800 cc,Automatic
Toyota Raize Z,Karachi,6200000.0,2020,35000.0,Petrol,1000 cc,Automatic
Toyota Passo X,Karachi,3700000.0,2020,41545.0,Petrol,1000 cc,Automatic
Honda Civic VTi Oriel Prosmatec 1.8 i-VTEC,Karachi,3100000.0,2013,65000.0,Petrol,1800 cc,Automatic
Toyota Yaris Sedan ATIV X CVT 1.5,Karachi,4500000.0,2021,59703.0,Petrol,1500 cc,Automatic
Suzuki Cultus,Karachi,1700000.0,2015,28000.0,Petrol,1000 cc,Manual
Honda Vezel Hybrid Z,Karachi,4585000.0,2014,79000.0,Hybrid,1500 cc,Automatic
Suzuki Swift DX 1.3,Karachi,1675000.0,2012,101538.0,Petrol,1300 cc,Manual
Suzuki Mehran VXR,Karachi,430000.0,2004,9000.0,Petrol,800 cc,Manual
Suzuki Bolan VX,Karachi,790000.0,2007,2007.0,Petrol,800 cc,Manual
Mitsubishi EK Custom,Karachi,2000000.0,2013,31000.0,Petrol,660 cc,Automatic
Toyota Passo X,Karachi,4200000.0,2022,38112.0,Petrol,1000 cc,Automatic
Daihatsu Cuore CX Automatic,Karachi,950000.0,2004,12384.0,Petrol,800 cc,Automatic
Toyota Yaris Hatchback X,Karachi,4400000.0,2022,80000.0,Petrol,1000 cc,Automatic
Honda Civic Rebirth VTi Prosmatec 1.8 i-VTEC,Karachi,3150000.0,2014,80000.0,Petrol,1800 cc,Automatic
Toyota Corolla XLi Automatic,Karachi,3850000.0,2018,75000.0,Petrol,1300 cc,Automatic
Toyota Raize Z,Karachi,6300000.0,2021,61000.0,Petrol,1000 cc,Automatic
FAW V2 VCT-i,Karachi,1400000.0,2016,39986.0,Petrol,1300 cc,Manual
Suzuki Khyber GA,Karachi,229999.0,1991,37000.0,Petrol,1000 cc,Manual
Suzuki Cultus VXR,Karachi,2700000.0,2020,90000.0,Petrol,1000 cc,Manual
Toyota C-HR G,Karachi,6770000.0,2017,131000.0,Hybrid,1800 cc,Automatic
Suzuki Alto VXR,Karachi,2285000.0,2020,73000.0,Petrol,660 cc,Manual
Toyota Yaris Sedan ATIV CVT 1.3,Karachi,4825000.0,2024,25000.0,Petrol,1300 cc,Automatic
Hyundai Santa Fe Signature,Karachi,13000000.0,2024,10000.0,Hybrid,1600 cc,Automatic
Suzuki Jimny,Karachi,2000000.0,2011,121000.0,Petrol,660 cc,Manual
Toyota Raize Z,Karachi,6380000.0,2020,17000.0,Petrol,1000 cc,Automatic
Toyota Passo X,Karachi,2500000.0,2013,197953.0,Petrol,1000 cc,Automatic
Daihatsu Mira L,Karachi,3625000.0,2022,11000.0,Petrol,660 cc,Automatic
Honda City 5th (GM2) Generation 1.3 i-VTEC,Karachi,2360000.0,2011,162000.0,Petrol,1300 cc,Manual
Honda BR-V i-VTEC S,Karachi,3750000.0,2017,58000.0,Petrol,1500 cc,Automatic
Toyota Raize Z,Karachi,6150000.0,2020,39000.0,Petrol,1000 cc,Automatic
Toyota Raize G,Karachi,5750000.0,2020,12000.0,Petrol,1000 cc,Automatic
Honda Civic 1.8 i-VTEC CVT,Karachi,5400000.0,2020,45000.0,Petrol,1800 cc,Automatic
Toyota Raize Z,Karachi,5875000.0,2021,53000.0,Petrol,1000 cc,Automatic
Hyundai Elantra GLS,Karachi,5650000.0,2021,62000.0,Petrol,2000 cc,Automatic
Toyota Mark X 300G,Karachi,6500000.0,2005,81000.0,Petrol,3000 cc,Automatic
Toyota Fortuner 2.7 VVTi,Karachi,6750000.0,2013,68000.0,Petrol,2700 cc,Automatic
Honda Civic Oriel 1.8 i-VTEC CVT,Karachi,5975000.0,2021,56000.0,Petrol,1800 cc,Automatic
Toyota Raize Z,Karachi,6225000.0,2020,28000.0,Petrol,1000 cc,Automatic
Suzuki Every 6th Generation (Imported) PC,Karachi,2725000.0,2020,118000.0,Petrol,660 cc,Manual
Daihatsu Mira L,Karachi,3575000.0,2022,15000.0,Petrol,660 cc,Automatic
Suzuki Swift DLX 1.3,Karachi,2100000.0,2015,97000.0,Petrol,1300 cc,Manual
Suzuki Every PC,Karachi,2700000.0,2020,72000.0,Petrol,660 cc,Manual
Ford Ranger Raptor 3.0L,Karachi,29500000.0,2022,34993.0,Petrol,3000 cc,Automatic
Suzuki Mehran VXR Euro II,Karachi,1350000.0,2019,27000.0,Petrol,796 cc,Manual
Suzuki Mehran VXR,Karachi,409000.0,1998,200000.0,Petrol,800 cc,Manual
Hyundai Tucson FWD A/T GLS Sport,Karachi,8500000.0,2024,16000.0,Petrol,2000 cc,Automatic
Nissan Clipper DX,Karachi,2325000.0,2021,189000.0,Petrol,660 cc,Automatic
KIA Shehzore K2700 Standard Cabin,Karachi,6250000.0,2024,6659.0,Diesel,2700 cc,Manual
Suzuki Alto VXR,Karachi,2500000.0,2022,55700.0,Petrol,660 cc,Manual
KIA Sportage L HEV,Karachi,11399999.0,2025,10.0,Hybrid,1600 cc,Automatic
KIA Sorento 1.6T HEV AWD,Karachi,16700000.0,2025,10.0,Hybrid,1600 cc,Automatic
Suzuki Mehran VXR Euro II,Karachi,1075000.0,2014,85000.0,Petrol,796 cc,Manual
Toyota Yaris Sedan ATIV X CVT 1.5 Beige Interior,Karachi,5875000.0,2024,24342.0,Petrol,1500 cc,Automatic
Toyota Raize Z,Karachi,5900000.0,2020,18000.0,Petrol,1000 cc,Automatic
Suzuki Wagon R VXR,Karachi,2780000.0,2014,43900.0,Petrol,1000 cc,Manual
Toyota Camry Up-Spec Automatic 2.4,Karachi,3250000.0,2007,194000.0,Petrol,2400 cc,Automatic
Suzuki Mehran VXR,Karachi,720000.0,2006,96000.0,Petrol,800 cc,Manual
Daihatsu Mira L SA III,Karachi,3425000.0,2022,63500.0,Petrol,660 cc,Automatic
Hyundai Santa Fe Signature,Karachi,13500000.0,2024,18858.0,Hybrid,1600 cc,Automatic
Suzuki Cultus VXR,Karachi,2465000.0,2018,46000.0,Petrol,1000 cc,Manual
Toyota Belta X 1.0,Karachi,2365000.0,2010,82000.0,Petrol,1000 cc,Automatic
KIA Picanto 1.0 AT,Karachi,3150000.0,2022,31000.0,Petrol,1000 cc,Automatic
Suzuki Mehran VXR,Karachi,800000.0,2010,70000.0,Petrol,800 cc,Manual
Audi e-tron 50 quattro 230 kW,Karachi,22500000.0,2022,800.0,Electric,60.0 kWh,Automatic
Suzuki Mehran VXR Euro II,Karachi,1285000.0,2018,75000.0,Petrol,796 cc,Manual
Mercedes Benz E Class 5th (W213) Generation E 180 Avantgarde,Karachi,26800000.0,2020,9000.0,Petrol,1500 cc,Automatic
Hyundai Sonata 2.5,Karachi,8000000.0,2021,78048.0,Petrol,2500 cc,Automatic
KIA Sportage 2.0 LX 4x4,Karachi,700000.0,2004,786.0,LPG,2000 cc,Manual
Toyota Raize Z,Karachi,6200000.0,2020,52000.0,Petrol,1000 cc,Automatic
KIA Sportage FWD,Karachi,7640000.0,2022,5480.0,Petrol,2000 cc,Automatic
Toyota Vitz iLL 1.5,Karachi,2200000.0,2008,150000.0,Petrol,1500 cc,Automatic
Hyundai Tucson FWD A/T GLS,Karachi,7300000.0,2023,27080.0,Petrol,2000 cc,Automatic
Toyota Corolla GLi 1.3 VVTi,Karachi,3075000.0,2016,97000.0,Petrol,1300 cc,Manual
KIA Sportage AWD,Karachi,7050000.0,2022,46194.0,Petrol,2000 cc,Automatic
Toyota Corolla GLi Automatic 1.6 VVTi,Karachi,2700000.0,2012,188765.0,Petrol,1600 cc,Automatic
Toyota Corolla Altis X Automatic 1.6,Karachi,5400000.0,2021,27000.0,Petrol,1598 cc,Automatic
Toyota Raize Z,Karachi,6200000.0,2020,28760.0,Petrol,1000 cc,Automatic
Honda City 1.3 i-VTEC Prosmatec,Karachi,2350000.0,2009,95321.0,Petrol,1300 cc,Automatic
Honda City i-DSI,Karachi,1675000.0,2006,50000.0,Petrol,1300 cc,Manual
Daihatsu Mira X,Karachi,2525000.0,2016,111000.0,Petrol,660 cc,Automatic
Hyundai Tucson AWD A/T Ultimate,Karachi,8300000.0,2023,12000.0,Petrol,2000 cc,Automatic
Toyota Corolla GLi 1.3 VVTi,Karachi,3400000.0,2014,82000.0,Petrol,1300 cc,Manual
Toyota iQ 130G Go Leather Package,Karachi,2075000.0,2009,65000.0,Petrol,1300 cc,Automatic
Toyota Corolla GLi Automatic 1.3 VVTi,Karachi,3300000.0,2015,104000.0,Petrol,1300 cc,Automatic
Suzuki Mehran VXR,Karachi,650000.0,2011,150000.0,Petrol,800 cc,Manual
Nissan Leaf EV,Karachi,7000000.0,2021,43106.0,Electric,40.0 kWh,Automatic
KIA Sportage FWD,Karachi,5850000.0,2020,103398.0,Petrol,2000 cc,Automatic
Toyota Vitz F 1.0,Karachi,2700000.0,2013,103878.0,Petrol,1000 cc,Automatic
Honda Civic Oriel 1.8 i-VTEC CVT,Karachi,6150000.0,2021,65724.0,Petrol,1800 cc,Automatic
Suzuki Ravi Deckless,Karachi,850000.0,2013,100000.0,Petrol,800 cc,Manual
Daihatsu Mira L SA,Karachi,2385000.0,2014,87000.0,Petrol,660 cc,Automatic
Toyota Corolla Altis Automatic 1.6,Karachi,4400000.0,2019,118413.0,Petrol,1600 cc,Automatic
Nissan Note,Karachi,4100000.0,2019,87234.0,Hybrid,1200 cc,Automatic
Suzuki Bolan VX,Karachi,750000.0,2010,66999.0,Petrol,800 cc,Manual
Honda Civic Rebirth VTi Prosmatec 1.8 i-VTEC,Karachi,3200000.0,2014,160991.0,Petrol,1800 cc,Automatic
Mercedes Benz E Class 4th (W212) Generation E300,Karachi,17000000.0,2015,59001.0,Petrol,3500 cc,Automatic
Dongfeng Guru,Karachi,1300000.0,2013,100000.0,Petrol,3299 cc,Manual
Toyota Corolla Altis X Automatic 1.6,Karachi,5190000.0,2021,63500.0,Petrol,1600 cc,Automatic
Suzuki Cultus Auto Gear Shift,Karachi,3390000.0,2022,70000.0,Petrol,1000 cc,Automatic
Daihatsu Mira L,Karachi,2600000.0,2013,92000.0,Petrol,660 cc,Automatic
Daihatsu Mira X Memorial Edition,Karachi,2480000.0,2014,86000.0,Petrol,660 cc,Automatic
Suzuki Every 6th Generation (Imported) PC,Karachi,2800000.0,2020,97000.0,Petrol,660 cc,Manual
Lexus RX Series 450h L,Karachi,23800000.0,2016,25000.0,Hybrid,3500 cc,Automatic
Mercedes Benz E Class 5th (W213) Generation E 180 AMG,Karachi,32000000.0,2021,5000.0,Petrol,1500 cc,Automatic
Audi Q3,Karachi,12500000.0,2020,55000.0,Petrol,1400 cc,Automatic
Daihatsu Move L SA 3,Karachi,3625000.0,2020,32000.0,Petrol,658 cc,Automatic
Suzuki Alto,Karachi,2250000.0,2022,65000.0,Petrol,660 cc,Manual
Honda Vezel Hybrid Z Style Edition,Karachi,4700000.0,2015,103000.0,Hybrid,1500 cc,Automatic
Toyota Vitz F 1.0,Karachi,3879999.0,2018,48000.0,Petrol,1000 cc,Automatic
Suzuki Ravi,Karachi,880000.0,2017,48232.0,Petrol,896 cc,Manual
Toyota Yaris Hatchback X,Karachi,4100000.0,2023,4999.0,Petrol,1000 cc,Automatic
Toyota Sienta,Karachi,5850000.0,2019,131000.0,Hybrid,1500 cc,Automatic
Daihatsu Mira X Memorial Edition,Karachi,2630000.0,2015,81000.0,Petrol,660 cc,Automatic
Toyota Corolla GLi 1.3 VVTi,Karachi,3250000.0,2015,134000.0,Petrol,1300 cc,Manual
Toyota Passo X L Package,Karachi,2675000.0,2014,84000.0,Petrol,1000 cc,Automatic
Toyota Vitz F Safety Edition II,Karachi,3650000.0,2018,81000.0,Petrol,1300 cc,Automatic
Toyota Premio F 1.5,Karachi,7000000.0,2016,70000.0,Petrol,1500 cc,Automatic
Toyota Yaris Sedan GLI CVT 1.3,Karachi,4980000.0,2024,1700.0,Petrol,1300 cc,Automatic
Suzuki Cultus EURO II,Karachi,1595000.0,2015,90000.0,Petrol,1000 cc,Manual
Suzuki Mehran VX (CNG),Karachi,470000.0,2005,86000.0,Petrol,800 cc,Manual
BMW 7 Series i7 xDrive60 Excellence,Karachi,62500000.0,2022,1500.0,Electric,105.0 kWh,Automatic
Toyota Corolla Altis Grande CVT-i 1.8,Karachi,5440000.0,2019,52000.0,Petrol,1800 cc,Automatic
Toyota Raize G,Karachi,5200000.0,2020,39752.0,Petrol,1000 cc,Automatic
Honda City 6th Generation 1.2L CVT,Karachi,4575000.0,2023,15000.0,Petrol,1200 cc,Automatic
Isuzu D-Max V-Cross Automatic 3.0,Karachi,7350000.0,2019,95000.0,Diesel,3000 cc,Automatic
Suzuki Alto VXR,Karachi,2600000.0,2023,25200.0,Petrol,660 cc,Manual
Suzuki Swift DLX 1.3 Navigation,Karachi,2300000.0,2017,88000.0,Petrol,1300 cc,Manual
Honda Civic VTi Oriel Prosmatec 1.6,Karachi,2050000.0,2002,180000.0,Petrol,2400 cc,Automatic
Toyota Raize Z,Karachi,6200000.0,2020,32000.0,Petrol,1000 cc,Automatic
Toyota Raize Z,Karachi,6200000.0,2020,34000.0,Petrol,1000 cc,Automatic
Nissan Clipper DX,Karachi,1775000.0,2014,101441.0,Petrol,660 cc,Automatic
Toyota Prius A,Karachi,7850000.0,2020,51189.0,Hybrid,1800 cc,Automatic
Toyota Aqua S,Karachi,3625000.0,2015,88000.0,Hybrid,1500 cc,Automatic
Toyota Corolla Altis 1.8,Karachi,1900000.0,2006,98554.0,Petrol,1800 cc,Manual
Toyota Vitz F 1.0,Karachi,2850000.0,2014,90000.0,Petrol,1000 cc,Automatic
Suzuki Alto VXR,Karachi,749000.0,2006,113000.0,Petrol,1000 cc,Manual
Toyota Fortuner 2.7 V,Karachi,14200000.0,2022,50000.0,Petrol,2700 cc,Automatic
Suzuki Jimny Turbo,Karachi,4525000.0,2020,35000.0,Petrol,658 cc,Automatic
Isuzu D-Max V-Cross Limited GTX Edition,Karachi,7250000.0,2020,58000.0,Diesel,3000 cc,Automatic
KIA Sportage AWD,Karachi,7000000.0,2022,62000.0,Petrol,2000 cc,Automatic
Mercedes Benz C Class C180,Karachi,13500000.0,2018,35000.0,Petrol,1600 cc,Automatic
Audi Q2 1st Generation 1.0 TFSI Standard Line,Karachi,6200000.0,2017,89000.0,Petrol,1000 cc,Automatic
Suzuki Mehran VXR Euro II,Karachi,1475000.0,2019,94000.0,Petrol,800 cc,Manual
KIA Sportage FWD,Karachi,6900000.0,2022,19000.0,Petrol,2000 cc,Automatic
KIA Sportage AWD,Karachi,6125000.0,2019,75000.0,Petrol,2000 cc,Automatic
KIA Sportage AWD,Karachi,6150000.0,2019,48000.0,Petrol,2000 cc,Automatic
Hyundai Tucson AWD A/T Ultimate,Karachi,7275000.0,2022,41000.0,Petrol,2000 cc,Automatic
Honda Civic Rebirth Oriel Prosmatec UG,Karachi,3700000.0,2016,89000.0,Petrol,1800 cc,Automatic
Suzuki Swift GLX CVT,Karachi,4650000.0,2023,14500.0,Petrol,1200 cc,Automatic
Daihatsu Boon,Karachi,1850000.0,2007,80000.0,Petrol,1000 cc,Automatic
Toyota Corolla XLi VVTi,Karachi,2345000.0,2011,89500.0,Petrol,1300 cc,Manual
Toyota Prius,Karachi,2290000.0,2008,140000.0,Hybrid,1500 cc,Automatic
Honda City Aspire Prosmatec 1.3 i-VTEC,Karachi,3350000.0,2016,90000.0,Petrol,1300 cc,Automatic
Toyota Raize Z,Karachi,6300000.0,2020,17000.0,Petrol,1000 cc,Automatic
Toyota Raize Z,Karachi,6100000.0,2020,60000.0,Petrol,1000 cc,Automatic
Honda City 5th (GM2) Generation 1.3 i-VTEC Prosmatec,Karachi,3050000.0,2014,62000.0,Petrol,1300 cc,Automatic
Suzuki Alto,Karachi,1650000.0,2007,160000.0,Petrol,660 cc,Automatic
Honda City,Karachi,2550000.0,2011,104000.0,Petrol,1500 cc,Automatic
Nissan Dayz J,Karachi,2825000.0,2019,75000.0,Petrol,660 cc,Automatic
Honda Civic EXi,Karachi,1490000.0,2002,185000.0,Petrol,1500 cc,Manual
Toyota C-HR G-LED,Karachi,8650000.0,2019,68000.0,Hybrid,1800 cc,Automatic
Suzuki Mehran VXR,Karachi,700000.0,2008,80172.0,Petrol,800 cc,Manual
Hyundai Sonata 2.5,Karachi,10600000.0,2021,19000.0,Petrol,2500 cc,Automatic
Hyundai Tucson AWD A/T Ultimate (Black Interior),Karachi,11900000.0,2025,4500.0,Hybrid,2000 cc,Automatic
Toyota Corolla Axio Hybrid 1.5,Karachi,4600000.0,2014,109000.0,Hybrid,1500 cc,Automatic
Toyota Aqua G,Karachi,5100000.0,2018,110000.0,Hybrid,1500 cc,Automatic
Suzuki Alto,Karachi,1125000.0,2009,786.0,LPG,1000 cc,Manual
Toyota Raize Z,Karachi,5250000.0,2020,70000.0,Petrol,1000 cc,Automatic
Toyota Passo X,Karachi,1595000.0,2007,92321.0,Petrol,1000 cc,Automatic
Suzuki Cultus EURO II,Karachi,1335000.0,2013,49000.0,Petrol,1000 cc,Manual
Toyota Fortuner 2.8 Sigma 4,Karachi,16000000.0,2022,43500.0,Diesel,2800 cc,Automatic
KIA Sportage AWD,Karachi,7450000.0,2022,44824.0,Petrol,2000 cc,Automatic
Toyota Raize Z,Karachi,5850000.0,2020,48000.0,Petrol,1000 cc,Automatic
Mercedes Benz C Class C63 AMG,Karachi,25500000.0,2015,80000.0,Petrol,4000 cc,Automatic
Nissan Juke 15RX Premium Personalize Package,Karachi,2800000.0,2011,160000.0,Petrol,1500 cc,Automatic
Lexus LX Series LX570,Karachi,53000000.0,2016,50000.0,Petrol,5700 cc,Automatic
Suzuki Wagon R VXR,Karachi,2095000.0,2019,89500.0,Petrol,1000 cc,Manual
Honda Civic Rebirth VTi Prosmatec 1.8 i-VTEC,Karachi,3350000.0,2013,106000.0,Petrol,1800 cc,Automatic
Toyota Yaris Sedan GLI CVT 1.3,Karachi,4150000.0,2021,67000.0,Petrol,1300 cc,Automatic
Toyota Raize Z,Karachi,6400000.0,2021,48000.0,Petrol,1000 cc,Automatic
Honda City Aspire Prosmatec 1.5 i-VTEC,Karachi,3250000.0,2016,82300.0,Petrol,1500 cc,Automatic
Toyota Belta X S Package 1.3,Karachi,2095000.0,2006,110000.0,Petrol,1300 cc,Automatic
Suzuki Mehran VXR (CNG),Karachi,1100000.0,2011,88000.0,Petrol,800 cc,Manual
Honda City 5th (GM2) Generation Aspire Prosmatec 1.5 i-VTEC,Karachi,4150000.0,2019,69000.0,Petrol,1500 cc,Automatic
Honda Civic Oriel 1.8 i-VTEC CVT,Karachi,5950000.0,2020,40000.0,Petrol,1800 cc,Automatic
Toyota Prado 2nd (J90) Generation RZ 3.0D (3-Door),Karachi,5500000.0,1997,121000.0,Diesel,3000 cc,Automatic
Toyota Crown,Karachi,11200000.0,2014,135000.0,Hybrid,2500 cc,Automatic
KIA Sportage Black Limited Edition,Karachi,8200000.0,2023,36000.0,Petrol,2000 cc,Automatic
Toyota Corolla Altis SR Cruisetronic 1.6,Karachi,3150000.0,2013,120000.0,Petrol,1600 cc,Automatic
Suzuki Swift DLX Automatic 1.3 Navigation,Karachi,2850000.0,2019,42000.0,Petrol,1300 cc,Automatic
Suzuki Cultus Limited Edition,Karachi,1700000.0,2017,62000.0,Petrol,1000 cc,Manual
Honda City 5th (GM2) Generation 1.3 i-VTEC Prosmatec,Karachi,2550000.0,2012,100000.0,Petrol,1300 cc,Automatic
Daihatsu Hijet Cruise,Karachi,1700000.0,2011,120000.0,Petrol,660 cc,Automatic
Suzuki Cultus Limited Edition,Karachi,1610000.0,2017,89500.0,Petrol,1000 cc,Manual
Suzuki Alto VXR,Karachi,2775000.0,2024,6100.0,Petrol,660 cc,Manual
Suzuki Alto VXR,Karachi,2400000.0,2022,29600.0,Petrol,660 cc,Manual
Suzuki Bolan VX Euro II,Karachi,900000.0,2016,75000.0,Petrol,800 cc,Manual
Honda Civic VTi Prosmatec 1.8 i-VTEC,Karachi,4000000.0,2015,49000.0,Petrol,1800 cc,Automatic
Suzuki Every Wagon,Karachi,1750000.0,2010,105000.0,Petrol,660 cc,Automatic
Suzuki Alto VXR,Karachi,2410000.0,2022,76213.0,Petrol,660 cc,Manual
Suzuki Alto VXR,Karachi,2400000.0,2022,97000.0,Petrol,660 cc,Manual
Toyota Corolla Altis Automatic 1.6,Karachi,4650000.0,2018,49000.0,Petrol,1600 cc,Automatic
Toyota Yaris Sedan GLI CVT 1.3,Karachi,4875000.0,2025,6200.0,Petrol,1300 cc,Automatic
Nissan Dayz Highway Star S hybrid X pro pilot,Karachi,4275000.0,2022,55000.0,Hybrid,660 cc,Automatic
Suzuki Cultus EURO II,Karachi,1520000.0,2012,50000.0,Petrol,1000 cc,Manual
Toyota Passo Moda G,Karachi,4430000.0,2021,42000.0,Petrol,1000 cc,Automatic
Honda Civic 7th Generation (Facelift) VTi 1.6,Karachi,1500000.0,2006,138000.0,Petrol,1600 cc,Manual
Toyota Premio G 2.0,Karachi,2800000.0,2002,110000.0,Petrol,2000 cc,Automatic
Suzuki Cultus EURO II,Karachi,1400000.0,2014,75000.0,Petrol,1000 cc,Manual
Suzuki Every Join,Karachi,1470000.0,2010,130000.0,Petrol,660 cc,Automatic
